CREATE DATABASE  IF NOT EXISTS `emotiontrust_development` /*!40100 DEFAULT CHARACTER SET latin1 */;
USE `emotiontrust_development`;
-- MySQL dump 10.13  Distrib 5.6.11, for Win32 (x86)
--
-- Host: localhost    Database: emotiontrust_development
-- ------------------------------------------------------
-- Server version	5.6.13

/*!40101 SET @OLD_CHARACTER_SET_CLIENT=@@CHARACTER_SET_CLIENT */;
/*!40101 SET @OLD_CHARACTER_SET_RESULTS=@@CHARACTER_SET_RESULTS */;
/*!40101 SET @OLD_COLLATION_CONNECTION=@@COLLATION_CONNECTION */;
/*!40101 SET NAMES utf8 */;
/*!40103 SET @OLD_TIME_ZONE=@@TIME_ZONE */;
/*!40103 SET TIME_ZONE='+00:00' */;
/*!40014 SET @OLD_UNIQUE_CHECKS=@@UNIQUE_CHECKS, UNIQUE_CHECKS=0 */;
/*!40014 SET @OLD_FOREIGN_KEY_CHECKS=@@FOREIGN_KEY_CHECKS, FOREIGN_KEY_CHECKS=0 */;
/*!40101 SET @OLD_SQL_MODE=@@SQL_MODE, SQL_MODE='NO_AUTO_VALUE_ON_ZERO' */;
/*!40111 SET @OLD_SQL_NOTES=@@SQL_NOTES, SQL_NOTES=0 */;

--
-- Table structure for table `cellcolors`
--

DROP TABLE IF EXISTS `cellcolors`;
/*!40101 SET @saved_cs_client     = @@character_set_client */;
/*!40101 SET character_set_client = utf8 */;
CREATE TABLE `cellcolors` (
  `id` int(11) NOT NULL AUTO_INCREMENT,
  `gameboard_id` int(11) DEFAULT NULL,
  `cellnumber` int(11) DEFAULT NULL,
  `color_pallet_id` int(11) DEFAULT NULL,
  `created_at` datetime NOT NULL,
  `updated_at` datetime NOT NULL,
  PRIMARY KEY (`id`),
  KEY `FK_cellcolors_1` (`gameboard_id`),
  CONSTRAINT `FK_cellcolors_1` FOREIGN KEY (`gameboard_id`) REFERENCES `gameboards` (`id`) ON DELETE CASCADE ON UPDATE CASCADE
) ENGINE=InnoDB AUTO_INCREMENT=1441 DEFAULT CHARSET=utf8;
/*!40101 SET character_set_client = @saved_cs_client */;

--
-- Dumping data for table `cellcolors`
--

LOCK TABLES `cellcolors` WRITE;
/*!40000 ALTER TABLE `cellcolors` DISABLE KEYS */;
INSERT INTO `cellcolors` VALUES (1,3,0,4,'2013-08-07 05:34:20','2013-08-07 05:34:20'),(2,3,1,4,'2013-08-07 05:34:20','2013-08-07 05:34:20'),(3,3,2,2,'2013-08-07 05:34:20','2013-08-07 05:34:20'),(4,3,3,1,'2013-08-07 05:34:20','2013-08-07 05:34:20'),(5,3,4,3,'2013-08-07 05:34:21','2013-08-07 05:34:21'),(6,3,5,5,'2013-08-07 05:34:21','2013-08-07 05:34:21'),(7,3,6,5,'2013-08-07 05:34:21','2013-08-07 05:34:21'),(8,3,7,1,'2013-08-07 05:34:21','2013-08-07 05:34:21'),(9,3,8,1,'2013-08-07 05:34:21','2013-08-07 05:34:21'),(10,3,9,4,'2013-08-07 05:34:21','2013-08-07 05:34:21'),(11,3,10,1,'2013-08-07 05:34:21','2013-08-07 05:34:21'),(12,3,11,3,'2013-08-07 05:34:21','2013-08-07 05:34:21'),(13,3,12,2,'2013-08-07 05:34:21','2013-08-07 05:34:21'),(14,3,13,2,'2013-08-07 05:34:21','2013-08-07 05:34:21'),(15,3,14,2,'2013-08-07 05:34:21','2013-08-07 05:34:21'),(16,3,15,5,'2013-08-07 05:34:21','2013-08-07 05:34:21'),(17,4,0,2,'2013-08-07 05:34:22','2013-08-07 05:34:22'),(18,4,1,4,'2013-08-07 05:34:22','2013-08-07 05:34:22'),(19,4,2,1,'2013-08-07 05:34:22','2013-08-07 05:34:22'),(20,4,3,2,'2013-08-07 05:34:23','2013-08-07 05:34:23'),(21,4,4,2,'2013-08-07 05:34:23','2013-08-07 05:34:23'),(22,4,5,4,'2013-08-07 05:34:23','2013-08-07 05:34:23'),(23,4,6,1,'2013-08-07 05:34:23','2013-08-07 05:34:23'),(24,4,7,3,'2013-08-07 05:34:23','2013-08-07 05:34:23'),(25,4,8,5,'2013-08-07 05:34:24','2013-08-07 05:34:24'),(26,4,9,5,'2013-08-07 05:34:24','2013-08-07 05:34:24'),(27,4,10,5,'2013-08-07 05:34:24','2013-08-07 05:34:24'),(28,4,11,2,'2013-08-07 05:34:24','2013-08-07 05:34:24'),(29,4,12,4,'2013-08-07 05:34:24','2013-08-07 05:34:24'),(30,4,13,5,'2013-08-07 05:34:25','2013-08-07 05:34:25'),(31,4,14,4,'2013-08-07 05:34:25','2013-08-07 05:34:25'),(32,4,15,1,'2013-08-07 05:34:25','2013-08-07 05:34:25'),(33,5,0,1,'2013-08-07 05:34:26','2013-08-07 05:34:26'),(34,5,1,2,'2013-08-07 05:34:26','2013-08-07 05:34:26'),(35,5,2,4,'2013-08-07 05:34:26','2013-08-07 05:34:26'),(36,5,3,2,'2013-08-07 05:34:26','2013-08-07 05:34:26'),(37,5,4,4,'2013-08-07 05:34:26','2013-08-07 05:34:26'),(38,5,5,4,'2013-08-07 05:34:26','2013-08-07 05:34:26'),(39,5,6,3,'2013-08-07 05:34:27','2013-08-07 05:34:27'),(40,5,7,4,'2013-08-07 05:34:27','2013-08-07 05:34:27'),(41,5,8,2,'2013-08-07 05:34:27','2013-08-07 05:34:27'),(42,5,9,5,'2013-08-07 05:34:27','2013-08-07 05:34:27'),(43,5,10,1,'2013-08-07 05:34:27','2013-08-07 05:34:27'),(44,5,11,5,'2013-08-07 05:34:27','2013-08-07 05:34:27'),(45,5,12,3,'2013-08-07 05:34:27','2013-08-07 05:34:27'),(46,5,13,1,'2013-08-07 05:34:27','2013-08-07 05:34:27'),(47,5,14,3,'2013-08-07 05:34:27','2013-08-07 05:34:27'),(48,5,15,3,'2013-08-07 05:34:27','2013-08-07 05:34:27'),(49,6,0,2,'2013-08-07 05:34:27','2013-08-07 05:34:27'),(50,6,1,4,'2013-08-07 05:34:27','2013-08-07 05:34:27'),(51,6,2,2,'2013-08-07 05:34:27','2013-08-07 05:34:27'),(52,6,3,2,'2013-08-07 05:34:28','2013-08-07 05:34:28'),(53,6,4,5,'2013-08-07 05:34:28','2013-08-07 05:34:28'),(54,6,5,1,'2013-08-07 05:34:28','2013-08-07 05:34:28'),(55,6,6,2,'2013-08-07 05:34:28','2013-08-07 05:34:28'),(56,6,7,3,'2013-08-07 05:34:28','2013-08-07 05:34:28'),(57,6,8,5,'2013-08-07 05:34:28','2013-08-07 05:34:28'),(58,6,9,4,'2013-08-07 05:34:28','2013-08-07 05:34:28'),(59,6,10,1,'2013-08-07 05:34:28','2013-08-07 05:34:28'),(60,6,11,1,'2013-08-07 05:34:28','2013-08-07 05:34:28'),(61,6,12,4,'2013-08-07 05:34:28','2013-08-07 05:34:28'),(62,6,13,3,'2013-08-07 05:34:28','2013-08-07 05:34:28'),(63,6,14,5,'2013-08-07 05:34:28','2013-08-07 05:34:28'),(64,6,15,4,'2013-08-07 05:34:28','2013-08-07 05:34:28'),(65,7,0,4,'2013-08-07 05:34:28','2013-08-07 05:34:28'),(66,7,1,3,'2013-08-07 05:34:28','2013-08-07 05:34:28'),(67,7,2,3,'2013-08-07 05:34:28','2013-08-07 05:34:28'),(68,7,3,1,'2013-08-07 05:34:28','2013-08-07 05:34:28'),(69,7,4,4,'2013-08-07 05:34:28','2013-08-07 05:34:28'),(70,7,5,3,'2013-08-07 05:34:29','2013-08-07 05:34:29'),(71,7,6,1,'2013-08-07 05:34:29','2013-08-07 05:34:29'),(72,7,7,4,'2013-08-07 05:34:29','2013-08-07 05:34:29'),(73,7,8,4,'2013-08-07 05:34:29','2013-08-07 05:34:29'),(74,7,9,1,'2013-08-07 05:34:29','2013-08-07 05:34:29'),(75,7,10,3,'2013-08-07 05:34:30','2013-08-07 05:34:30'),(76,7,11,2,'2013-08-07 05:34:30','2013-08-07 05:34:30'),(77,7,12,5,'2013-08-07 05:34:30','2013-08-07 05:34:30'),(78,7,13,1,'2013-08-07 05:34:30','2013-08-07 05:34:30'),(79,7,14,2,'2013-08-07 05:34:30','2013-08-07 05:34:30'),(80,7,15,5,'2013-08-07 05:34:32','2013-08-07 05:34:32'),(81,8,0,4,'2013-09-10 16:54:10','2013-09-10 16:54:10'),(82,8,1,2,'2013-09-10 16:54:10','2013-09-10 16:54:10'),(83,8,2,4,'2013-09-10 16:54:10','2013-09-10 16:54:10'),(84,8,3,2,'2013-09-10 16:54:10','2013-09-10 16:54:10'),(85,8,4,4,'2013-09-10 16:54:10','2013-09-10 16:54:10'),(86,8,5,5,'2013-09-10 16:54:10','2013-09-10 16:54:10'),(87,8,6,3,'2013-09-10 16:54:10','2013-09-10 16:54:10'),(88,8,7,4,'2013-09-10 16:54:11','2013-09-10 16:54:11'),(89,8,8,3,'2013-09-10 16:54:11','2013-09-10 16:54:11'),(90,8,9,3,'2013-09-10 16:54:11','2013-09-10 16:54:11'),(91,8,10,2,'2013-09-10 16:54:11','2013-09-10 16:54:11'),(92,8,11,3,'2013-09-10 16:54:11','2013-09-10 16:54:11'),(93,8,12,1,'2013-09-10 16:54:11','2013-09-10 16:54:11'),(94,8,13,1,'2013-09-10 16:54:11','2013-09-10 16:54:11'),(95,8,14,1,'2013-09-10 16:54:11','2013-09-10 16:54:11'),(96,8,15,2,'2013-09-10 16:54:11','2013-09-10 16:54:11'),(97,9,0,1,'2013-09-10 16:54:11','2013-09-10 16:54:11'),(98,9,1,3,'2013-09-10 16:54:11','2013-09-10 16:54:11'),(99,9,2,3,'2013-09-10 16:54:11','2013-09-10 16:54:11'),(100,9,3,1,'2013-09-10 16:54:11','2013-09-10 16:54:11'),(101,9,4,1,'2013-09-10 16:54:11','2013-09-10 16:54:11'),(102,9,5,5,'2013-09-10 16:54:11','2013-09-10 16:54:11'),(103,9,6,2,'2013-09-10 16:54:11','2013-09-10 16:54:11'),(104,9,7,4,'2013-09-10 16:54:11','2013-09-10 16:54:11'),(105,9,8,5,'2013-09-10 16:54:11','2013-09-10 16:54:11'),(106,9,9,2,'2013-09-10 16:54:11','2013-09-10 16:54:11'),(107,9,10,1,'2013-09-10 16:54:11','2013-09-10 16:54:11'),(108,9,11,5,'2013-09-10 16:54:11','2013-09-10 16:54:11'),(109,9,12,2,'2013-09-10 16:54:11','2013-09-10 16:54:11'),(110,9,13,5,'2013-09-10 16:54:11','2013-09-10 16:54:11'),(111,9,14,4,'2013-09-10 16:54:11','2013-09-10 16:54:11'),(112,9,15,4,'2013-09-10 16:54:11','2013-09-10 16:54:11'),(113,10,0,2,'2013-09-10 16:54:11','2013-09-10 16:54:11'),(114,10,1,3,'2013-09-10 16:54:11','2013-09-10 16:54:11'),(115,10,2,3,'2013-09-10 16:54:11','2013-09-10 16:54:11'),(116,10,3,2,'2013-09-10 16:54:11','2013-09-10 16:54:11'),(117,10,4,4,'2013-09-10 16:54:11','2013-09-10 16:54:11'),(118,10,5,5,'2013-09-10 16:54:11','2013-09-10 16:54:11'),(119,10,6,5,'2013-09-10 16:54:11','2013-09-10 16:54:11'),(120,10,7,1,'2013-09-10 16:54:11','2013-09-10 16:54:11'),(121,10,8,1,'2013-09-10 16:54:11','2013-09-10 16:54:11'),(122,10,9,2,'2013-09-10 16:54:11','2013-09-10 16:54:11'),(123,10,10,5,'2013-09-10 16:54:11','2013-09-10 16:54:11'),(124,10,11,3,'2013-09-10 16:54:11','2013-09-10 16:54:11'),(125,10,12,2,'2013-09-10 16:54:11','2013-09-10 16:54:11'),(126,10,13,5,'2013-09-10 16:54:11','2013-09-10 16:54:11'),(127,10,14,3,'2013-09-10 16:54:11','2013-09-10 16:54:11'),(128,10,15,1,'2013-09-10 16:54:11','2013-09-10 16:54:11'),(129,11,0,1,'2013-09-10 16:54:11','2013-09-10 16:54:11'),(130,11,1,5,'2013-09-10 16:54:11','2013-09-10 16:54:11'),(131,11,2,4,'2013-09-10 16:54:11','2013-09-10 16:54:11'),(132,11,3,2,'2013-09-10 16:54:11','2013-09-10 16:54:11'),(133,11,4,4,'2013-09-10 16:54:11','2013-09-10 16:54:11'),(134,11,5,1,'2013-09-10 16:54:11','2013-09-10 16:54:11'),(135,11,6,2,'2013-09-10 16:54:11','2013-09-10 16:54:11'),(136,11,7,2,'2013-09-10 16:54:11','2013-09-10 16:54:11'),(137,11,8,5,'2013-09-10 16:54:11','2013-09-10 16:54:11'),(138,11,9,2,'2013-09-10 16:54:11','2013-09-10 16:54:11'),(139,11,10,4,'2013-09-10 16:54:11','2013-09-10 16:54:11'),(140,11,11,3,'2013-09-10 16:54:11','2013-09-10 16:54:11'),(141,11,12,3,'2013-09-10 16:54:11','2013-09-10 16:54:11'),(142,11,13,5,'2013-09-10 16:54:11','2013-09-10 16:54:11'),(143,11,14,5,'2013-09-10 16:54:11','2013-09-10 16:54:11'),(144,11,15,3,'2013-09-10 16:54:11','2013-09-10 16:54:11'),(145,12,0,2,'2013-09-10 16:54:11','2013-09-10 16:54:11'),(146,12,1,1,'2013-09-10 16:54:11','2013-09-10 16:54:11'),(147,12,2,2,'2013-09-10 16:54:11','2013-09-10 16:54:11'),(148,12,3,1,'2013-09-10 16:54:11','2013-09-10 16:54:11'),(149,12,4,2,'2013-09-10 16:54:11','2013-09-10 16:54:11'),(150,12,5,1,'2013-09-10 16:54:11','2013-09-10 16:54:11'),(151,12,6,3,'2013-09-10 16:54:11','2013-09-10 16:54:11'),(152,12,7,4,'2013-09-10 16:54:11','2013-09-10 16:54:11'),(153,12,8,2,'2013-09-10 16:54:11','2013-09-10 16:54:11'),(154,12,9,3,'2013-09-10 16:54:11','2013-09-10 16:54:11'),(155,12,10,1,'2013-09-10 16:54:11','2013-09-10 16:54:11'),(156,12,11,3,'2013-09-10 16:54:11','2013-09-10 16:54:11'),(157,12,12,4,'2013-09-10 16:54:11','2013-09-10 16:54:11'),(158,12,13,4,'2013-09-10 16:54:11','2013-09-10 16:54:11'),(159,12,14,3,'2013-09-10 16:54:11','2013-09-10 16:54:11'),(160,12,15,5,'2013-09-10 16:54:11','2013-09-10 16:54:11'),(161,13,0,5,'2013-09-10 16:54:14','2013-09-10 16:54:14'),(162,13,1,3,'2013-09-10 16:54:14','2013-09-10 16:54:14'),(163,13,2,2,'2013-09-10 16:54:14','2013-09-10 16:54:14'),(164,13,3,4,'2013-09-10 16:54:14','2013-09-10 16:54:14'),(165,13,4,4,'2013-09-10 16:54:14','2013-09-10 16:54:14'),(166,13,5,1,'2013-09-10 16:54:14','2013-09-10 16:54:14'),(167,13,6,3,'2013-09-10 16:54:14','2013-09-10 16:54:14'),(168,13,7,2,'2013-09-10 16:54:14','2013-09-10 16:54:14'),(169,13,8,4,'2013-09-10 16:54:14','2013-09-10 16:54:14'),(170,13,9,2,'2013-09-10 16:54:14','2013-09-10 16:54:14'),(171,13,10,5,'2013-09-10 16:54:14','2013-09-10 16:54:14'),(172,13,11,5,'2013-09-10 16:54:14','2013-09-10 16:54:14'),(173,13,12,3,'2013-09-10 16:54:14','2013-09-10 16:54:14'),(174,13,13,2,'2013-09-10 16:54:14','2013-09-10 16:54:14'),(175,13,14,4,'2013-09-10 16:54:14','2013-09-10 16:54:14'),(176,13,15,5,'2013-09-10 16:54:14','2013-09-10 16:54:14'),(177,14,0,1,'2013-09-10 16:54:14','2013-09-10 16:54:14'),(178,14,1,2,'2013-09-10 16:54:14','2013-09-10 16:54:14'),(179,14,2,2,'2013-09-10 16:54:14','2013-09-10 16:54:14'),(180,14,3,4,'2013-09-10 16:54:14','2013-09-10 16:54:14'),(181,14,4,1,'2013-09-10 16:54:14','2013-09-10 16:54:14'),(182,14,5,4,'2013-09-10 16:54:14','2013-09-10 16:54:14'),(183,14,6,2,'2013-09-10 16:54:14','2013-09-10 16:54:14'),(184,14,7,5,'2013-09-10 16:54:14','2013-09-10 16:54:14'),(185,14,8,5,'2013-09-10 16:54:14','2013-09-10 16:54:14'),(186,14,9,4,'2013-09-10 16:54:14','2013-09-10 16:54:14'),(187,14,10,4,'2013-09-10 16:54:14','2013-09-10 16:54:14'),(188,14,11,5,'2013-09-10 16:54:14','2013-09-10 16:54:14'),(189,14,12,3,'2013-09-10 16:54:14','2013-09-10 16:54:14'),(190,14,13,5,'2013-09-10 16:54:14','2013-09-10 16:54:14'),(191,14,14,3,'2013-09-10 16:54:14','2013-09-10 16:54:14'),(192,14,15,2,'2013-09-10 16:54:14','2013-09-10 16:54:14'),(193,15,0,3,'2013-09-10 16:54:14','2013-09-10 16:54:14'),(194,15,1,3,'2013-09-10 16:54:14','2013-09-10 16:54:14'),(195,15,2,5,'2013-09-10 16:54:14','2013-09-10 16:54:14'),(196,15,3,5,'2013-09-10 16:54:14','2013-09-10 16:54:14'),(197,15,4,5,'2013-09-10 16:54:14','2013-09-10 16:54:14'),(198,15,5,5,'2013-09-10 16:54:14','2013-09-10 16:54:14'),(199,15,6,1,'2013-09-10 16:54:14','2013-09-10 16:54:14'),(200,15,7,4,'2013-09-10 16:54:14','2013-09-10 16:54:14'),(201,15,8,1,'2013-09-10 16:54:14','2013-09-10 16:54:14'),(202,15,9,4,'2013-09-10 16:54:14','2013-09-10 16:54:14'),(203,15,10,3,'2013-09-10 16:54:14','2013-09-10 16:54:14'),(204,15,11,4,'2013-09-10 16:54:14','2013-09-10 16:54:14'),(205,15,12,4,'2013-09-10 16:54:14','2013-09-10 16:54:14'),(206,15,13,2,'2013-09-10 16:54:14','2013-09-10 16:54:14'),(207,15,14,3,'2013-09-10 16:54:14','2013-09-10 16:54:14'),(208,15,15,1,'2013-09-10 16:54:14','2013-09-10 16:54:14'),(209,16,0,4,'2013-09-10 16:54:16','2013-09-10 16:54:16'),(210,16,1,5,'2013-09-10 16:54:16','2013-09-10 16:54:16'),(211,16,2,4,'2013-09-10 16:54:16','2013-09-10 16:54:16'),(212,16,3,5,'2013-09-10 16:54:16','2013-09-10 16:54:16'),(213,16,4,2,'2013-09-10 16:54:16','2013-09-10 16:54:16'),(214,16,5,1,'2013-09-10 16:54:16','2013-09-10 16:54:16'),(215,16,6,1,'2013-09-10 16:54:16','2013-09-10 16:54:16'),(216,16,7,3,'2013-09-10 16:54:16','2013-09-10 16:54:16'),(217,16,8,5,'2013-09-10 16:54:16','2013-09-10 16:54:16'),(218,16,9,5,'2013-09-10 16:54:16','2013-09-10 16:54:16'),(219,16,10,1,'2013-09-10 16:54:16','2013-09-10 16:54:16'),(220,16,11,4,'2013-09-10 16:54:16','2013-09-10 16:54:16'),(221,16,12,3,'2013-09-10 16:54:16','2013-09-10 16:54:16'),(222,16,13,3,'2013-09-10 16:54:16','2013-09-10 16:54:16'),(223,16,14,2,'2013-09-10 16:54:16','2013-09-10 16:54:16'),(224,16,15,1,'2013-09-10 16:54:16','2013-09-10 16:54:16'),(225,17,0,3,'2013-09-10 16:54:16','2013-09-10 16:54:16'),(226,17,1,1,'2013-09-10 16:54:16','2013-09-10 16:54:16'),(227,17,2,1,'2013-09-10 16:54:16','2013-09-10 16:54:16'),(228,17,3,4,'2013-09-10 16:54:16','2013-09-10 16:54:16'),(229,17,4,4,'2013-09-10 16:54:16','2013-09-10 16:54:16'),(230,17,5,5,'2013-09-10 16:54:16','2013-09-10 16:54:16'),(231,17,6,2,'2013-09-10 16:54:16','2013-09-10 16:54:16'),(232,17,7,1,'2013-09-10 16:54:16','2013-09-10 16:54:16'),(233,17,8,4,'2013-09-10 16:54:16','2013-09-10 16:54:16'),(234,17,9,4,'2013-09-10 16:54:16','2013-09-10 16:54:16'),(235,17,10,1,'2013-09-10 16:54:16','2013-09-10 16:54:16'),(236,17,11,2,'2013-09-10 16:54:16','2013-09-10 16:54:16'),(237,17,12,2,'2013-09-10 16:54:16','2013-09-10 16:54:16'),(238,17,13,5,'2013-09-10 16:54:16','2013-09-10 16:54:16'),(239,17,14,3,'2013-09-10 16:54:16','2013-09-10 16:54:16'),(240,17,15,3,'2013-09-10 16:54:16','2013-09-10 16:54:16'),(241,18,0,2,'2013-09-10 16:54:16','2013-09-10 16:54:16'),(242,18,1,1,'2013-09-10 16:54:16','2013-09-10 16:54:16'),(243,18,2,3,'2013-09-10 16:54:16','2013-09-10 16:54:16'),(244,18,3,3,'2013-09-10 16:54:16','2013-09-10 16:54:16'),(245,18,4,3,'2013-09-10 16:54:16','2013-09-10 16:54:16'),(246,18,5,3,'2013-09-10 16:54:16','2013-09-10 16:54:16'),(247,18,6,5,'2013-09-10 16:54:16','2013-09-10 16:54:16'),(248,18,7,1,'2013-09-10 16:54:16','2013-09-10 16:54:16'),(249,18,8,5,'2013-09-10 16:54:16','2013-09-10 16:54:16'),(250,18,9,4,'2013-09-10 16:54:16','2013-09-10 16:54:16'),(251,18,10,4,'2013-09-10 16:54:16','2013-09-10 16:54:16'),(252,18,11,1,'2013-09-10 16:54:16','2013-09-10 16:54:16'),(253,18,12,1,'2013-09-10 16:54:16','2013-09-10 16:54:16'),(254,18,13,4,'2013-09-10 16:54:16','2013-09-10 16:54:16'),(255,18,14,5,'2013-09-10 16:54:16','2013-09-10 16:54:16'),(256,18,15,4,'2013-09-10 16:54:16','2013-09-10 16:54:16'),(257,19,0,3,'2013-09-10 16:54:18','2013-09-10 16:54:18'),(258,19,1,5,'2013-09-10 16:54:18','2013-09-10 16:54:18'),(259,19,2,3,'2013-09-10 16:54:19','2013-09-10 16:54:19'),(260,19,3,5,'2013-09-10 16:54:19','2013-09-10 16:54:19'),(261,19,4,1,'2013-09-10 16:54:19','2013-09-10 16:54:19'),(262,19,5,2,'2013-09-10 16:54:19','2013-09-10 16:54:19'),(263,19,6,5,'2013-09-10 16:54:19','2013-09-10 16:54:19'),(264,19,7,5,'2013-09-10 16:54:19','2013-09-10 16:54:19'),(265,19,8,3,'2013-09-10 16:54:19','2013-09-10 16:54:19'),(266,19,9,2,'2013-09-10 16:54:19','2013-09-10 16:54:19'),(267,19,10,1,'2013-09-10 16:54:19','2013-09-10 16:54:19'),(268,19,11,4,'2013-09-10 16:54:19','2013-09-10 16:54:19'),(269,19,12,1,'2013-09-10 16:54:19','2013-09-10 16:54:19'),(270,19,13,4,'2013-09-10 16:54:19','2013-09-10 16:54:19'),(271,19,14,3,'2013-09-10 16:54:19','2013-09-10 16:54:19'),(272,19,15,4,'2013-09-10 16:54:19','2013-09-10 16:54:19'),(273,20,0,3,'2013-09-10 16:54:19','2013-09-10 16:54:19'),(274,20,1,2,'2013-09-10 16:54:19','2013-09-10 16:54:19'),(275,20,2,2,'2013-09-10 16:54:19','2013-09-10 16:54:19'),(276,20,3,1,'2013-09-10 16:54:19','2013-09-10 16:54:19'),(277,20,4,3,'2013-09-10 16:54:19','2013-09-10 16:54:19'),(278,20,5,4,'2013-09-10 16:54:19','2013-09-10 16:54:19'),(279,20,6,2,'2013-09-10 16:54:19','2013-09-10 16:54:19'),(280,20,7,4,'2013-09-10 16:54:19','2013-09-10 16:54:19'),(281,20,8,4,'2013-09-10 16:54:19','2013-09-10 16:54:19'),(282,20,9,2,'2013-09-10 16:54:19','2013-09-10 16:54:19'),(283,20,10,3,'2013-09-10 16:54:19','2013-09-10 16:54:19'),(284,20,11,3,'2013-09-10 16:54:19','2013-09-10 16:54:19'),(285,20,12,4,'2013-09-10 16:54:19','2013-09-10 16:54:19'),(286,20,13,5,'2013-09-10 16:54:19','2013-09-10 16:54:19'),(287,20,14,5,'2013-09-10 16:54:19','2013-09-10 16:54:19'),(288,20,15,5,'2013-09-10 16:54:19','2013-09-10 16:54:19'),(289,21,0,2,'2013-09-10 16:54:19','2013-09-10 16:54:19'),(290,21,1,3,'2013-09-10 16:54:19','2013-09-10 16:54:19'),(291,21,2,2,'2013-09-10 16:54:19','2013-09-10 16:54:19'),(292,21,3,2,'2013-09-10 16:54:19','2013-09-10 16:54:19'),(293,21,4,5,'2013-09-10 16:54:19','2013-09-10 16:54:19'),(294,21,5,3,'2013-09-10 16:54:19','2013-09-10 16:54:19'),(295,21,6,1,'2013-09-10 16:54:19','2013-09-10 16:54:19'),(296,21,7,3,'2013-09-10 16:54:19','2013-09-10 16:54:19'),(297,21,8,5,'2013-09-10 16:54:19','2013-09-10 16:54:19'),(298,21,9,2,'2013-09-10 16:54:19','2013-09-10 16:54:19'),(299,21,10,5,'2013-09-10 16:54:19','2013-09-10 16:54:19'),(300,21,11,4,'2013-09-10 16:54:19','2013-09-10 16:54:19'),(301,21,12,1,'2013-09-10 16:54:19','2013-09-10 16:54:19'),(302,21,13,5,'2013-09-10 16:54:19','2013-09-10 16:54:19'),(303,21,14,3,'2013-09-10 16:54:19','2013-09-10 16:54:19'),(304,21,15,4,'2013-09-10 16:54:19','2013-09-10 16:54:19'),(305,22,0,2,'2013-09-10 16:54:21','2013-09-10 16:54:21'),(306,22,1,2,'2013-09-10 16:54:21','2013-09-10 16:54:21'),(307,22,2,1,'2013-09-10 16:54:21','2013-09-10 16:54:21'),(308,22,3,4,'2013-09-10 16:54:21','2013-09-10 16:54:21'),(309,22,4,2,'2013-09-10 16:54:21','2013-09-10 16:54:21'),(310,22,5,2,'2013-09-10 16:54:21','2013-09-10 16:54:21'),(311,22,6,5,'2013-09-10 16:54:21','2013-09-10 16:54:21'),(312,22,7,4,'2013-09-10 16:54:21','2013-09-10 16:54:21'),(313,22,8,3,'2013-09-10 16:54:21','2013-09-10 16:54:21'),(314,22,9,4,'2013-09-10 16:54:21','2013-09-10 16:54:21'),(315,22,10,5,'2013-09-10 16:54:21','2013-09-10 16:54:21'),(316,22,11,4,'2013-09-10 16:54:21','2013-09-10 16:54:21'),(317,22,12,5,'2013-09-10 16:54:21','2013-09-10 16:54:21'),(318,22,13,3,'2013-09-10 16:54:21','2013-09-10 16:54:21'),(319,22,14,3,'2013-09-10 16:54:21','2013-09-10 16:54:21'),(320,22,15,3,'2013-09-10 16:54:21','2013-09-10 16:54:21'),(321,23,0,3,'2013-09-10 16:54:21','2013-09-10 16:54:21'),(322,23,1,1,'2013-09-10 16:54:21','2013-09-10 16:54:21'),(323,23,2,1,'2013-09-10 16:54:21','2013-09-10 16:54:21'),(324,23,3,1,'2013-09-10 16:54:21','2013-09-10 16:54:21'),(325,23,4,5,'2013-09-10 16:54:21','2013-09-10 16:54:21'),(326,23,5,3,'2013-09-10 16:54:21','2013-09-10 16:54:21'),(327,23,6,2,'2013-09-10 16:54:21','2013-09-10 16:54:21'),(328,23,7,2,'2013-09-10 16:54:21','2013-09-10 16:54:21'),(329,23,8,1,'2013-09-10 16:54:21','2013-09-10 16:54:21'),(330,23,9,4,'2013-09-10 16:54:21','2013-09-10 16:54:21'),(331,23,10,4,'2013-09-10 16:54:21','2013-09-10 16:54:21'),(332,23,11,5,'2013-09-10 16:54:21','2013-09-10 16:54:21'),(333,23,12,5,'2013-09-10 16:54:21','2013-09-10 16:54:21'),(334,23,13,2,'2013-09-10 16:54:22','2013-09-10 16:54:22'),(335,23,14,4,'2013-09-10 16:54:22','2013-09-10 16:54:22'),(336,23,15,5,'2013-09-10 16:54:22','2013-09-10 16:54:22'),(337,24,0,1,'2013-09-10 16:54:22','2013-09-10 16:54:22'),(338,24,1,3,'2013-09-10 16:54:22','2013-09-10 16:54:22'),(339,24,2,3,'2013-09-10 16:54:22','2013-09-10 16:54:22'),(340,24,3,5,'2013-09-10 16:54:22','2013-09-10 16:54:22'),(341,24,4,4,'2013-09-10 16:54:22','2013-09-10 16:54:22'),(342,24,5,5,'2013-09-10 16:54:22','2013-09-10 16:54:22'),(343,24,6,5,'2013-09-10 16:54:22','2013-09-10 16:54:22'),(344,24,7,5,'2013-09-10 16:54:22','2013-09-10 16:54:22'),(345,24,8,3,'2013-09-10 16:54:22','2013-09-10 16:54:22'),(346,24,9,1,'2013-09-10 16:54:22','2013-09-10 16:54:22'),(347,24,10,2,'2013-09-10 16:54:22','2013-09-10 16:54:22'),(348,24,11,2,'2013-09-10 16:54:22','2013-09-10 16:54:22'),(349,24,12,4,'2013-09-10 16:54:22','2013-09-10 16:54:22'),(350,24,13,1,'2013-09-10 16:54:22','2013-09-10 16:54:22'),(351,24,14,2,'2013-09-10 16:54:22','2013-09-10 16:54:22'),(352,24,15,3,'2013-09-10 16:54:22','2013-09-10 16:54:22'),(353,25,0,5,'2013-09-27 05:50:38','2013-09-27 05:50:38'),(354,25,1,3,'2013-09-27 05:50:38','2013-09-27 05:50:38'),(355,25,2,1,'2013-09-27 05:50:38','2013-09-27 05:50:38'),(356,25,3,2,'2013-09-27 05:50:38','2013-09-27 05:50:38'),(357,25,4,4,'2013-09-27 05:50:38','2013-09-27 05:50:38'),(358,25,5,1,'2013-09-27 05:50:38','2013-09-27 05:50:38'),(359,25,6,5,'2013-09-27 05:50:38','2013-09-27 05:50:38'),(360,25,7,5,'2013-09-27 05:50:38','2013-09-27 05:50:38'),(361,25,8,3,'2013-09-27 05:50:38','2013-09-27 05:50:38'),(362,25,9,5,'2013-09-27 05:50:38','2013-09-27 05:50:38'),(363,25,10,4,'2013-09-27 05:50:38','2013-09-27 05:50:38'),(364,25,11,4,'2013-09-27 05:50:38','2013-09-27 05:50:38'),(365,25,12,1,'2013-09-27 05:50:38','2013-09-27 05:50:38'),(366,25,13,3,'2013-09-27 05:50:38','2013-09-27 05:50:38'),(367,25,14,2,'2013-09-27 05:50:38','2013-09-27 05:50:38'),(368,25,15,1,'2013-09-27 05:50:38','2013-09-27 05:50:38'),(369,26,0,2,'2013-09-27 05:50:38','2013-09-27 05:50:38'),(370,26,1,4,'2013-09-27 05:50:38','2013-09-27 05:50:38'),(371,26,2,3,'2013-09-27 05:50:38','2013-09-27 05:50:38'),(372,26,3,5,'2013-09-27 05:50:38','2013-09-27 05:50:38'),(373,26,4,4,'2013-09-27 05:50:38','2013-09-27 05:50:38'),(374,26,5,4,'2013-09-27 05:50:38','2013-09-27 05:50:38'),(375,26,6,3,'2013-09-27 05:50:38','2013-09-27 05:50:38'),(376,26,7,2,'2013-09-27 05:50:38','2013-09-27 05:50:38'),(377,26,8,1,'2013-09-27 05:50:38','2013-09-27 05:50:38'),(378,26,9,5,'2013-09-27 05:50:38','2013-09-27 05:50:38'),(379,26,10,5,'2013-09-27 05:50:38','2013-09-27 05:50:38'),(380,26,11,3,'2013-09-27 05:50:38','2013-09-27 05:50:38'),(381,26,12,4,'2013-09-27 05:50:38','2013-09-27 05:50:38'),(382,26,13,3,'2013-09-27 05:50:38','2013-09-27 05:50:38'),(383,26,14,2,'2013-09-27 05:50:38','2013-09-27 05:50:38'),(384,26,15,2,'2013-09-27 05:50:38','2013-09-27 05:50:38'),(385,27,0,4,'2013-09-27 05:50:38','2013-09-27 05:50:38'),(386,27,1,1,'2013-09-27 05:50:38','2013-09-27 05:50:38'),(387,27,2,2,'2013-09-27 05:50:38','2013-09-27 05:50:38'),(388,27,3,5,'2013-09-27 05:50:38','2013-09-27 05:50:38'),(389,27,4,2,'2013-09-27 05:50:38','2013-09-27 05:50:38'),(390,27,5,4,'2013-09-27 05:50:38','2013-09-27 05:50:38'),(391,27,6,3,'2013-09-27 05:50:38','2013-09-27 05:50:38'),(392,27,7,3,'2013-09-27 05:50:38','2013-09-27 05:50:38'),(393,27,8,1,'2013-09-27 05:50:38','2013-09-27 05:50:38'),(394,27,9,5,'2013-09-27 05:50:38','2013-09-27 05:50:38'),(395,27,10,2,'2013-09-27 05:50:38','2013-09-27 05:50:38'),(396,27,11,1,'2013-09-27 05:50:38','2013-09-27 05:50:38'),(397,27,12,2,'2013-09-27 05:50:38','2013-09-27 05:50:38'),(398,27,13,5,'2013-09-27 05:50:38','2013-09-27 05:50:38'),(399,27,14,5,'2013-09-27 05:50:38','2013-09-27 05:50:38'),(400,27,15,3,'2013-09-27 05:50:38','2013-09-27 05:50:38'),(401,28,0,2,'2013-09-27 05:50:38','2013-09-27 05:50:38'),(402,28,1,2,'2013-09-27 05:50:38','2013-09-27 05:50:38'),(403,28,2,2,'2013-09-27 05:50:39','2013-09-27 05:50:39'),(404,28,3,2,'2013-09-27 05:50:39','2013-09-27 05:50:39'),(405,28,4,5,'2013-09-27 05:50:39','2013-09-27 05:50:39'),(406,28,5,1,'2013-09-27 05:50:39','2013-09-27 05:50:39'),(407,28,6,1,'2013-09-27 05:50:39','2013-09-27 05:50:39'),(408,28,7,1,'2013-09-27 05:50:39','2013-09-27 05:50:39'),(409,28,8,3,'2013-09-27 05:50:39','2013-09-27 05:50:39'),(410,28,9,4,'2013-09-27 05:50:39','2013-09-27 05:50:39'),(411,28,10,5,'2013-09-27 05:50:39','2013-09-27 05:50:39'),(412,28,11,3,'2013-09-27 05:50:39','2013-09-27 05:50:39'),(413,28,12,4,'2013-09-27 05:50:39','2013-09-27 05:50:39'),(414,28,13,1,'2013-09-27 05:50:39','2013-09-27 05:50:39'),(415,28,14,4,'2013-09-27 05:50:39','2013-09-27 05:50:39'),(416,28,15,4,'2013-09-27 05:50:39','2013-09-27 05:50:39'),(417,29,0,3,'2013-09-27 05:50:39','2013-09-27 05:50:39'),(418,29,1,1,'2013-09-27 05:50:39','2013-09-27 05:50:39'),(419,29,2,1,'2013-09-27 05:50:39','2013-09-27 05:50:39'),(420,29,3,5,'2013-09-27 05:50:39','2013-09-27 05:50:39'),(421,29,4,2,'2013-09-27 05:50:39','2013-09-27 05:50:39'),(422,29,5,5,'2013-09-27 05:50:39','2013-09-27 05:50:39'),(423,29,6,5,'2013-09-27 05:50:39','2013-09-27 05:50:39'),(424,29,7,3,'2013-09-27 05:50:39','2013-09-27 05:50:39'),(425,29,8,3,'2013-09-27 05:50:39','2013-09-27 05:50:39'),(426,29,9,5,'2013-09-27 05:50:39','2013-09-27 05:50:39'),(427,29,10,3,'2013-09-27 05:50:39','2013-09-27 05:50:39'),(428,29,11,1,'2013-09-27 05:50:39','2013-09-27 05:50:39'),(429,29,12,1,'2013-09-27 05:50:39','2013-09-27 05:50:39'),(430,29,13,2,'2013-09-27 05:50:39','2013-09-27 05:50:39'),(431,29,14,4,'2013-09-27 05:50:39','2013-09-27 05:50:39'),(432,29,15,4,'2013-09-27 05:50:39','2013-09-27 05:50:39'),(801,54,0,5,'2013-09-27 08:11:26','2013-09-27 08:11:26'),(802,54,1,3,'2013-09-27 08:11:26','2013-09-27 08:11:26'),(803,54,2,1,'2013-09-27 08:11:26','2013-09-27 08:11:26'),(804,54,3,2,'2013-09-27 08:11:26','2013-09-27 08:11:26'),(805,54,4,4,'2013-09-27 08:11:26','2013-09-27 08:11:26'),(806,54,5,1,'2013-09-27 08:11:26','2013-09-27 08:11:26'),(807,54,6,5,'2013-09-27 08:11:26','2013-09-27 08:11:26'),(808,54,7,5,'2013-09-27 08:11:26','2013-09-27 08:11:26'),(809,54,8,3,'2013-09-27 08:11:26','2013-09-27 08:11:26'),(810,54,9,5,'2013-09-27 08:11:26','2013-09-27 08:11:26'),(811,54,10,4,'2013-09-27 08:11:26','2013-09-27 08:11:26'),(812,54,11,4,'2013-09-27 08:11:26','2013-09-27 08:11:26'),(813,54,12,1,'2013-09-27 08:11:26','2013-09-27 08:11:26'),(814,54,13,3,'2013-09-27 08:11:26','2013-09-27 08:11:26'),(815,54,14,2,'2013-09-27 08:11:26','2013-09-27 08:11:26'),(816,54,15,1,'2013-09-27 08:11:26','2013-09-27 08:11:26'),(817,55,0,2,'2013-09-27 08:11:26','2013-09-27 08:11:26'),(818,55,1,4,'2013-09-27 08:11:26','2013-09-27 08:11:26'),(819,55,2,3,'2013-09-27 08:11:26','2013-09-27 08:11:26'),(820,55,3,5,'2013-09-27 08:11:27','2013-09-27 08:11:27'),(821,55,4,4,'2013-09-27 08:11:27','2013-09-27 08:11:27'),(822,55,5,4,'2013-09-27 08:11:27','2013-09-27 08:11:27'),(823,55,6,3,'2013-09-27 08:11:27','2013-09-27 08:11:27'),(824,55,7,2,'2013-09-27 08:11:27','2013-09-27 08:11:27'),(825,55,8,1,'2013-09-27 08:11:27','2013-09-27 08:11:27'),(826,55,9,5,'2013-09-27 08:11:27','2013-09-27 08:11:27'),(827,55,10,5,'2013-09-27 08:11:27','2013-09-27 08:11:27'),(828,55,11,3,'2013-09-27 08:11:27','2013-09-27 08:11:27'),(829,55,12,4,'2013-09-27 08:11:27','2013-09-27 08:11:27'),(830,55,13,3,'2013-09-27 08:11:27','2013-09-27 08:11:27'),(831,55,14,2,'2013-09-27 08:11:27','2013-09-27 08:11:27'),(832,55,15,2,'2013-09-27 08:11:27','2013-09-27 08:11:27'),(833,56,0,4,'2013-09-27 08:11:27','2013-09-27 08:11:27'),(834,56,1,1,'2013-09-27 08:11:27','2013-09-27 08:11:27'),(835,56,2,2,'2013-09-27 08:11:27','2013-09-27 08:11:27'),(836,56,3,5,'2013-09-27 08:11:27','2013-09-27 08:11:27'),(837,56,4,2,'2013-09-27 08:11:27','2013-09-27 08:11:27'),(838,56,5,4,'2013-09-27 08:11:27','2013-09-27 08:11:27'),(839,56,6,3,'2013-09-27 08:11:27','2013-09-27 08:11:27'),(840,56,7,3,'2013-09-27 08:11:27','2013-09-27 08:11:27'),(841,56,8,1,'2013-09-27 08:11:27','2013-09-27 08:11:27'),(842,56,9,5,'2013-09-27 08:11:27','2013-09-27 08:11:27'),(843,56,10,2,'2013-09-27 08:11:27','2013-09-27 08:11:27'),(844,56,11,1,'2013-09-27 08:11:27','2013-09-27 08:11:27'),(845,56,12,2,'2013-09-27 08:11:27','2013-09-27 08:11:27'),(846,56,13,5,'2013-09-27 08:11:27','2013-09-27 08:11:27'),(847,56,14,5,'2013-09-27 08:11:27','2013-09-27 08:11:27'),(848,56,15,3,'2013-09-27 08:11:27','2013-09-27 08:11:27'),(849,57,0,2,'2013-09-27 08:11:27','2013-09-27 08:11:27'),(850,57,1,2,'2013-09-27 08:11:27','2013-09-27 08:11:27'),(851,57,2,2,'2013-09-27 08:11:27','2013-09-27 08:11:27'),(852,57,3,2,'2013-09-27 08:11:27','2013-09-27 08:11:27'),(853,57,4,5,'2013-09-27 08:11:27','2013-09-27 08:11:27'),(854,57,5,1,'2013-09-27 08:11:27','2013-09-27 08:11:27'),(855,57,6,1,'2013-09-27 08:11:27','2013-09-27 08:11:27'),(856,57,7,1,'2013-09-27 08:11:27','2013-09-27 08:11:27'),(857,57,8,3,'2013-09-27 08:11:27','2013-09-27 08:11:27'),(858,57,9,4,'2013-09-27 08:11:27','2013-09-27 08:11:27'),(859,57,10,5,'2013-09-27 08:11:27','2013-09-27 08:11:27'),(860,57,11,3,'2013-09-27 08:11:27','2013-09-27 08:11:27'),(861,57,12,4,'2013-09-27 08:11:27','2013-09-27 08:11:27'),(862,57,13,1,'2013-09-27 08:11:27','2013-09-27 08:11:27'),(863,57,14,4,'2013-09-27 08:11:27','2013-09-27 08:11:27'),(864,57,15,4,'2013-09-27 08:11:27','2013-09-27 08:11:27'),(865,58,0,3,'2013-09-27 08:11:27','2013-09-27 08:11:27'),(866,58,1,1,'2013-09-27 08:11:27','2013-09-27 08:11:27'),(867,58,2,1,'2013-09-27 08:11:27','2013-09-27 08:11:27'),(868,58,3,5,'2013-09-27 08:11:27','2013-09-27 08:11:27'),(869,58,4,2,'2013-09-27 08:11:27','2013-09-27 08:11:27'),(870,58,5,5,'2013-09-27 08:11:27','2013-09-27 08:11:27'),(871,58,6,5,'2013-09-27 08:11:27','2013-09-27 08:11:27'),(872,58,7,3,'2013-09-27 08:11:27','2013-09-27 08:11:27'),(873,58,8,3,'2013-09-27 08:11:27','2013-09-27 08:11:27'),(874,58,9,5,'2013-09-27 08:11:27','2013-09-27 08:11:27'),(875,58,10,3,'2013-09-27 08:11:27','2013-09-27 08:11:27'),(876,58,11,1,'2013-09-27 08:11:27','2013-09-27 08:11:27'),(877,58,12,1,'2013-09-27 08:11:27','2013-09-27 08:11:27'),(878,58,13,2,'2013-09-27 08:11:27','2013-09-27 08:11:27'),(879,58,14,4,'2013-09-27 08:11:27','2013-09-27 08:11:27'),(880,58,15,4,'2013-09-27 08:11:27','2013-09-27 08:11:27'),(881,59,0,5,'2013-09-27 08:17:14','2013-09-27 08:17:14'),(882,59,1,3,'2013-09-27 08:17:14','2013-09-27 08:17:14'),(883,59,2,1,'2013-09-27 08:17:14','2013-09-27 08:17:14'),(884,59,3,2,'2013-09-27 08:17:14','2013-09-27 08:17:14'),(885,59,4,4,'2013-09-27 08:17:14','2013-09-27 08:17:14'),(886,59,5,1,'2013-09-27 08:17:14','2013-09-27 08:17:14'),(887,59,6,5,'2013-09-27 08:17:14','2013-09-27 08:17:14'),(888,59,7,5,'2013-09-27 08:17:14','2013-09-27 08:17:14'),(889,59,8,3,'2013-09-27 08:17:14','2013-09-27 08:17:14'),(890,59,9,5,'2013-09-27 08:17:14','2013-09-27 08:17:14'),(891,59,10,4,'2013-09-27 08:17:14','2013-09-27 08:17:14'),(892,59,11,4,'2013-09-27 08:17:14','2013-09-27 08:17:14'),(893,59,12,1,'2013-09-27 08:17:14','2013-09-27 08:17:14'),(894,59,13,3,'2013-09-27 08:17:14','2013-09-27 08:17:14'),(895,59,14,2,'2013-09-27 08:17:14','2013-09-27 08:17:14'),(896,59,15,1,'2013-09-27 08:17:14','2013-09-27 08:17:14'),(897,60,0,2,'2013-09-27 08:17:15','2013-09-27 08:17:15'),(898,60,1,4,'2013-09-27 08:17:15','2013-09-27 08:17:15'),(899,60,2,3,'2013-09-27 08:17:15','2013-09-27 08:17:15'),(900,60,3,5,'2013-09-27 08:17:15','2013-09-27 08:17:15'),(901,60,4,4,'2013-09-27 08:17:15','2013-09-27 08:17:15'),(902,60,5,4,'2013-09-27 08:17:15','2013-09-27 08:17:15'),(903,60,6,3,'2013-09-27 08:17:15','2013-09-27 08:17:15'),(904,60,7,2,'2013-09-27 08:17:15','2013-09-27 08:17:15'),(905,60,8,1,'2013-09-27 08:17:15','2013-09-27 08:17:15'),(906,60,9,5,'2013-09-27 08:17:15','2013-09-27 08:17:15'),(907,60,10,5,'2013-09-27 08:17:15','2013-09-27 08:17:15'),(908,60,11,3,'2013-09-27 08:17:15','2013-09-27 08:17:15'),(909,60,12,4,'2013-09-27 08:17:15','2013-09-27 08:17:15'),(910,60,13,3,'2013-09-27 08:17:15','2013-09-27 08:17:15'),(911,60,14,2,'2013-09-27 08:17:15','2013-09-27 08:17:15'),(912,60,15,2,'2013-09-27 08:17:15','2013-09-27 08:17:15'),(913,61,0,4,'2013-09-27 08:17:15','2013-09-27 08:17:15'),(914,61,1,1,'2013-09-27 08:17:15','2013-09-27 08:17:15'),(915,61,2,2,'2013-09-27 08:17:15','2013-09-27 08:17:15'),(916,61,3,5,'2013-09-27 08:17:15','2013-09-27 08:17:15'),(917,61,4,2,'2013-09-27 08:17:15','2013-09-27 08:17:15'),(918,61,5,4,'2013-09-27 08:17:15','2013-09-27 08:17:15'),(919,61,6,3,'2013-09-27 08:17:15','2013-09-27 08:17:15'),(920,61,7,3,'2013-09-27 08:17:15','2013-09-27 08:17:15'),(921,61,8,1,'2013-09-27 08:17:15','2013-09-27 08:17:15'),(922,61,9,5,'2013-09-27 08:17:15','2013-09-27 08:17:15'),(923,61,10,2,'2013-09-27 08:17:15','2013-09-27 08:17:15'),(924,61,11,1,'2013-09-27 08:17:15','2013-09-27 08:17:15'),(925,61,12,2,'2013-09-27 08:17:15','2013-09-27 08:17:15'),(926,61,13,5,'2013-09-27 08:17:15','2013-09-27 08:17:15'),(927,61,14,5,'2013-09-27 08:17:15','2013-09-27 08:17:15'),(928,61,15,3,'2013-09-27 08:17:15','2013-09-27 08:17:15'),(929,62,0,2,'2013-09-27 08:17:15','2013-09-27 08:17:15'),(930,62,1,2,'2013-09-27 08:17:15','2013-09-27 08:17:15'),(931,62,2,2,'2013-09-27 08:17:15','2013-09-27 08:17:15'),(932,62,3,2,'2013-09-27 08:17:15','2013-09-27 08:17:15'),(933,62,4,5,'2013-09-27 08:17:15','2013-09-27 08:17:15'),(934,62,5,1,'2013-09-27 08:17:15','2013-09-27 08:17:15'),(935,62,6,1,'2013-09-27 08:17:15','2013-09-27 08:17:15'),(936,62,7,1,'2013-09-27 08:17:15','2013-09-27 08:17:15'),(937,62,8,3,'2013-09-27 08:17:15','2013-09-27 08:17:15'),(938,62,9,4,'2013-09-27 08:17:15','2013-09-27 08:17:15'),(939,62,10,5,'2013-09-27 08:17:15','2013-09-27 08:17:15'),(940,62,11,3,'2013-09-27 08:17:15','2013-09-27 08:17:15'),(941,62,12,4,'2013-09-27 08:17:15','2013-09-27 08:17:15'),(942,62,13,1,'2013-09-27 08:17:15','2013-09-27 08:17:15'),(943,62,14,4,'2013-09-27 08:17:15','2013-09-27 08:17:15'),(944,62,15,4,'2013-09-27 08:17:15','2013-09-27 08:17:15'),(945,63,0,3,'2013-09-27 08:17:15','2013-09-27 08:17:15'),(946,63,1,1,'2013-09-27 08:17:15','2013-09-27 08:17:15'),(947,63,2,1,'2013-09-27 08:17:15','2013-09-27 08:17:15'),(948,63,3,5,'2013-09-27 08:17:15','2013-09-27 08:17:15'),(949,63,4,2,'2013-09-27 08:17:15','2013-09-27 08:17:15'),(950,63,5,5,'2013-09-27 08:17:15','2013-09-27 08:17:15'),(951,63,6,5,'2013-09-27 08:17:15','2013-09-27 08:17:15'),(952,63,7,3,'2013-09-27 08:17:15','2013-09-27 08:17:15'),(953,63,8,3,'2013-09-27 08:17:15','2013-09-27 08:17:15'),(954,63,9,5,'2013-09-27 08:17:15','2013-09-27 08:17:15'),(955,63,10,3,'2013-09-27 08:17:15','2013-09-27 08:17:15'),(956,63,11,1,'2013-09-27 08:17:15','2013-09-27 08:17:15'),(957,63,12,1,'2013-09-27 08:17:15','2013-09-27 08:17:15'),(958,63,13,2,'2013-09-27 08:17:15','2013-09-27 08:17:15'),(959,63,14,4,'2013-09-27 08:17:15','2013-09-27 08:17:15'),(960,63,15,4,'2013-09-27 08:17:15','2013-09-27 08:17:15'),(961,64,0,1,'2013-09-27 08:19:54','2013-09-27 08:19:54'),(962,64,1,2,'2013-09-27 08:19:54','2013-09-27 08:19:54'),(963,64,2,5,'2013-09-27 08:19:54','2013-09-27 08:19:54'),(964,64,3,1,'2013-09-27 08:19:54','2013-09-27 08:19:54'),(965,64,4,1,'2013-09-27 08:19:54','2013-09-27 08:19:54'),(966,64,5,1,'2013-09-27 08:19:54','2013-09-27 08:19:54'),(967,64,6,5,'2013-09-27 08:19:54','2013-09-27 08:19:54'),(968,64,7,4,'2013-09-27 08:19:54','2013-09-27 08:19:54'),(969,64,8,5,'2013-09-27 08:19:54','2013-09-27 08:19:54'),(970,64,9,4,'2013-09-27 08:19:54','2013-09-27 08:19:54'),(971,64,10,2,'2013-09-27 08:19:54','2013-09-27 08:19:54'),(972,64,11,3,'2013-09-27 08:19:54','2013-09-27 08:19:54'),(973,64,12,2,'2013-09-27 08:19:54','2013-09-27 08:19:54'),(974,64,13,2,'2013-09-27 08:19:54','2013-09-27 08:19:54'),(975,64,14,3,'2013-09-27 08:19:54','2013-09-27 08:19:54'),(976,64,15,5,'2013-09-27 08:19:54','2013-09-27 08:19:54'),(977,65,0,3,'2013-09-27 08:19:55','2013-09-27 08:19:55'),(978,65,1,5,'2013-09-27 08:19:55','2013-09-27 08:19:55'),(979,65,2,2,'2013-09-27 08:19:55','2013-09-27 08:19:55'),(980,65,3,1,'2013-09-27 08:19:55','2013-09-27 08:19:55'),(981,65,4,5,'2013-09-27 08:19:55','2013-09-27 08:19:55'),(982,65,5,1,'2013-09-27 08:19:55','2013-09-27 08:19:55'),(983,65,6,1,'2013-09-27 08:19:55','2013-09-27 08:19:55'),(984,65,7,4,'2013-09-27 08:19:55','2013-09-27 08:19:55'),(985,65,8,4,'2013-09-27 08:19:55','2013-09-27 08:19:55'),(986,65,9,3,'2013-09-27 08:19:55','2013-09-27 08:19:55'),(987,65,10,4,'2013-09-27 08:19:55','2013-09-27 08:19:55'),(988,65,11,3,'2013-09-27 08:19:55','2013-09-27 08:19:55'),(989,65,12,1,'2013-09-27 08:19:55','2013-09-27 08:19:55'),(990,65,13,2,'2013-09-27 08:19:55','2013-09-27 08:19:55'),(991,65,14,2,'2013-09-27 08:19:55','2013-09-27 08:19:55'),(992,65,15,2,'2013-09-27 08:19:55','2013-09-27 08:19:55'),(993,66,0,1,'2013-09-27 08:19:55','2013-09-27 08:19:55'),(994,66,1,5,'2013-09-27 08:19:55','2013-09-27 08:19:55'),(995,66,2,3,'2013-09-27 08:19:55','2013-09-27 08:19:55'),(996,66,3,1,'2013-09-27 08:19:55','2013-09-27 08:19:55'),(997,66,4,2,'2013-09-27 08:19:55','2013-09-27 08:19:55'),(998,66,5,5,'2013-09-27 08:19:55','2013-09-27 08:19:55'),(999,66,6,4,'2013-09-27 08:19:55','2013-09-27 08:19:55'),(1000,66,7,4,'2013-09-27 08:19:55','2013-09-27 08:19:55'),(1001,66,8,5,'2013-09-27 08:19:55','2013-09-27 08:19:55'),(1002,66,9,3,'2013-09-27 08:19:55','2013-09-27 08:19:55'),(1003,66,10,4,'2013-09-27 08:19:55','2013-09-27 08:19:55'),(1004,66,11,2,'2013-09-27 08:19:55','2013-09-27 08:19:55'),(1005,66,12,3,'2013-09-27 08:19:55','2013-09-27 08:19:55'),(1006,66,13,3,'2013-09-27 08:19:55','2013-09-27 08:19:55'),(1007,66,14,2,'2013-09-27 08:19:55','2013-09-27 08:19:55'),(1008,66,15,4,'2013-09-27 08:19:55','2013-09-27 08:19:55'),(1009,67,0,3,'2013-09-27 08:19:55','2013-09-27 08:19:55'),(1010,67,1,1,'2013-09-27 08:19:55','2013-09-27 08:19:55'),(1011,67,2,2,'2013-09-27 08:19:55','2013-09-27 08:19:55'),(1012,67,3,5,'2013-09-27 08:19:55','2013-09-27 08:19:55'),(1013,67,4,4,'2013-09-27 08:19:55','2013-09-27 08:19:55'),(1014,67,5,2,'2013-09-27 08:19:55','2013-09-27 08:19:55'),(1015,67,6,2,'2013-09-27 08:19:55','2013-09-27 08:19:55'),(1016,67,7,2,'2013-09-27 08:19:55','2013-09-27 08:19:55'),(1017,67,8,5,'2013-09-27 08:19:55','2013-09-27 08:19:55'),(1018,67,9,3,'2013-09-27 08:19:55','2013-09-27 08:19:55'),(1019,67,10,1,'2013-09-27 08:19:55','2013-09-27 08:19:55'),(1020,67,11,4,'2013-09-27 08:19:55','2013-09-27 08:19:55'),(1021,67,12,3,'2013-09-27 08:19:55','2013-09-27 08:19:55'),(1022,67,13,4,'2013-09-27 08:19:55','2013-09-27 08:19:55'),(1023,67,14,3,'2013-09-27 08:19:55','2013-09-27 08:19:55'),(1024,67,15,1,'2013-09-27 08:19:55','2013-09-27 08:19:55'),(1025,68,0,5,'2013-09-27 08:19:55','2013-09-27 08:19:55'),(1026,68,1,5,'2013-09-27 08:19:55','2013-09-27 08:19:55'),(1027,68,2,3,'2013-09-27 08:19:55','2013-09-27 08:19:55'),(1028,68,3,2,'2013-09-27 08:19:55','2013-09-27 08:19:55'),(1029,68,4,5,'2013-09-27 08:19:55','2013-09-27 08:19:55'),(1030,68,5,1,'2013-09-27 08:19:55','2013-09-27 08:19:55'),(1031,68,6,1,'2013-09-27 08:19:55','2013-09-27 08:19:55'),(1032,68,7,1,'2013-09-27 08:19:55','2013-09-27 08:19:55'),(1033,68,8,1,'2013-09-27 08:19:55','2013-09-27 08:19:55'),(1034,68,9,4,'2013-09-27 08:19:55','2013-09-27 08:19:55'),(1035,68,10,4,'2013-09-27 08:19:55','2013-09-27 08:19:55'),(1036,68,11,4,'2013-09-27 08:19:55','2013-09-27 08:19:55'),(1037,68,12,2,'2013-09-27 08:19:55','2013-09-27 08:19:55'),(1038,68,13,5,'2013-09-27 08:19:55','2013-09-27 08:19:55'),(1039,68,14,3,'2013-09-27 08:19:55','2013-09-27 08:19:55'),(1040,68,15,2,'2013-09-27 08:19:55','2013-09-27 08:19:55'),(1041,69,0,1,'2013-09-27 08:50:24','2013-09-27 08:50:24'),(1042,69,1,2,'2013-09-27 08:50:24','2013-09-27 08:50:24'),(1043,69,2,5,'2013-09-27 08:50:24','2013-09-27 08:50:24'),(1044,69,3,1,'2013-09-27 08:50:24','2013-09-27 08:50:24'),(1045,69,4,1,'2013-09-27 08:50:24','2013-09-27 08:50:24'),(1046,69,5,1,'2013-09-27 08:50:24','2013-09-27 08:50:24'),(1047,69,6,5,'2013-09-27 08:50:24','2013-09-27 08:50:24'),(1048,69,7,4,'2013-09-27 08:50:24','2013-09-27 08:50:24'),(1049,69,8,5,'2013-09-27 08:50:24','2013-09-27 08:50:24'),(1050,69,9,4,'2013-09-27 08:50:24','2013-09-27 08:50:24'),(1051,69,10,2,'2013-09-27 08:50:24','2013-09-27 08:50:24'),(1052,69,11,3,'2013-09-27 08:50:24','2013-09-27 08:50:24'),(1053,69,12,2,'2013-09-27 08:50:24','2013-09-27 08:50:24'),(1054,69,13,2,'2013-09-27 08:50:24','2013-09-27 08:50:24'),(1055,69,14,3,'2013-09-27 08:50:24','2013-09-27 08:50:24'),(1056,69,15,5,'2013-09-27 08:50:24','2013-09-27 08:50:24'),(1057,70,0,3,'2013-09-27 08:50:24','2013-09-27 08:50:24'),(1058,70,1,5,'2013-09-27 08:50:24','2013-09-27 08:50:24'),(1059,70,2,2,'2013-09-27 08:50:24','2013-09-27 08:50:24'),(1060,70,3,1,'2013-09-27 08:50:24','2013-09-27 08:50:24'),(1061,70,4,5,'2013-09-27 08:50:24','2013-09-27 08:50:24'),(1062,70,5,1,'2013-09-27 08:50:24','2013-09-27 08:50:24'),(1063,70,6,1,'2013-09-27 08:50:24','2013-09-27 08:50:24'),(1064,70,7,4,'2013-09-27 08:50:24','2013-09-27 08:50:24'),(1065,70,8,4,'2013-09-27 08:50:24','2013-09-27 08:50:24'),(1066,70,9,3,'2013-09-27 08:50:24','2013-09-27 08:50:24'),(1067,70,10,4,'2013-09-27 08:50:24','2013-09-27 08:50:24'),(1068,70,11,3,'2013-09-27 08:50:24','2013-09-27 08:50:24'),(1069,70,12,1,'2013-09-27 08:50:24','2013-09-27 08:50:24'),(1070,70,13,2,'2013-09-27 08:50:24','2013-09-27 08:50:24'),(1071,70,14,2,'2013-09-27 08:50:24','2013-09-27 08:50:24'),(1072,70,15,2,'2013-09-27 08:50:24','2013-09-27 08:50:24'),(1073,71,0,1,'2013-09-27 08:50:24','2013-09-27 08:50:24'),(1074,71,1,5,'2013-09-27 08:50:24','2013-09-27 08:50:24'),(1075,71,2,3,'2013-09-27 08:50:24','2013-09-27 08:50:24'),(1076,71,3,1,'2013-09-27 08:50:24','2013-09-27 08:50:24'),(1077,71,4,2,'2013-09-27 08:50:24','2013-09-27 08:50:24'),(1078,71,5,5,'2013-09-27 08:50:24','2013-09-27 08:50:24'),(1079,71,6,4,'2013-09-27 08:50:24','2013-09-27 08:50:24'),(1080,71,7,4,'2013-09-27 08:50:24','2013-09-27 08:50:24'),(1081,71,8,5,'2013-09-27 08:50:24','2013-09-27 08:50:24'),(1082,71,9,3,'2013-09-27 08:50:24','2013-09-27 08:50:24'),(1083,71,10,4,'2013-09-27 08:50:24','2013-09-27 08:50:24'),(1084,71,11,2,'2013-09-27 08:50:24','2013-09-27 08:50:24'),(1085,71,12,3,'2013-09-27 08:50:24','2013-09-27 08:50:24'),(1086,71,13,3,'2013-09-27 08:50:24','2013-09-27 08:50:24'),(1087,71,14,2,'2013-09-27 08:50:24','2013-09-27 08:50:24'),(1088,71,15,4,'2013-09-27 08:50:24','2013-09-27 08:50:24'),(1089,72,0,3,'2013-09-27 08:50:24','2013-09-27 08:50:24'),(1090,72,1,1,'2013-09-27 08:50:24','2013-09-27 08:50:24'),(1091,72,2,2,'2013-09-27 08:50:24','2013-09-27 08:50:24'),(1092,72,3,5,'2013-09-27 08:50:24','2013-09-27 08:50:24'),(1093,72,4,4,'2013-09-27 08:50:24','2013-09-27 08:50:24'),(1094,72,5,2,'2013-09-27 08:50:24','2013-09-27 08:50:24'),(1095,72,6,2,'2013-09-27 08:50:24','2013-09-27 08:50:24'),(1096,72,7,2,'2013-09-27 08:50:24','2013-09-27 08:50:24'),(1097,72,8,5,'2013-09-27 08:50:24','2013-09-27 08:50:24'),(1098,72,9,3,'2013-09-27 08:50:24','2013-09-27 08:50:24'),(1099,72,10,1,'2013-09-27 08:50:24','2013-09-27 08:50:24'),(1100,72,11,4,'2013-09-27 08:50:24','2013-09-27 08:50:24'),(1101,72,12,3,'2013-09-27 08:50:24','2013-09-27 08:50:24'),(1102,72,13,4,'2013-09-27 08:50:24','2013-09-27 08:50:24'),(1103,72,14,3,'2013-09-27 08:50:24','2013-09-27 08:50:24'),(1104,72,15,1,'2013-09-27 08:50:24','2013-09-27 08:50:24'),(1105,73,0,5,'2013-09-27 08:50:25','2013-09-27 08:50:25'),(1106,73,1,5,'2013-09-27 08:50:25','2013-09-27 08:50:25'),(1107,73,2,3,'2013-09-27 08:50:25','2013-09-27 08:50:25'),(1108,73,3,2,'2013-09-27 08:50:25','2013-09-27 08:50:25'),(1109,73,4,5,'2013-09-27 08:50:25','2013-09-27 08:50:25'),(1110,73,5,1,'2013-09-27 08:50:25','2013-09-27 08:50:25'),(1111,73,6,1,'2013-09-27 08:50:25','2013-09-27 08:50:25'),(1112,73,7,1,'2013-09-27 08:50:25','2013-09-27 08:50:25'),(1113,73,8,1,'2013-09-27 08:50:25','2013-09-27 08:50:25'),(1114,73,9,4,'2013-09-27 08:50:25','2013-09-27 08:50:25'),(1115,73,10,4,'2013-09-27 08:50:25','2013-09-27 08:50:25'),(1116,73,11,4,'2013-09-27 08:50:25','2013-09-27 08:50:25'),(1117,73,12,2,'2013-09-27 08:50:25','2013-09-27 08:50:25'),(1118,73,13,5,'2013-09-27 08:50:25','2013-09-27 08:50:25'),(1119,73,14,3,'2013-09-27 08:50:25','2013-09-27 08:50:25'),(1120,73,15,2,'2013-09-27 08:50:25','2013-09-27 08:50:25'),(1121,74,0,1,'2013-09-27 08:51:42','2013-09-27 08:51:42'),(1122,74,1,2,'2013-09-27 08:51:42','2013-09-27 08:51:42'),(1123,74,2,5,'2013-09-27 08:51:42','2013-09-27 08:51:42'),(1124,74,3,1,'2013-09-27 08:51:42','2013-09-27 08:51:42'),(1125,74,4,1,'2013-09-27 08:51:42','2013-09-27 08:51:42'),(1126,74,5,1,'2013-09-27 08:51:42','2013-09-27 08:51:42'),(1127,74,6,5,'2013-09-27 08:51:42','2013-09-27 08:51:42'),(1128,74,7,4,'2013-09-27 08:51:42','2013-09-27 08:51:42'),(1129,74,8,5,'2013-09-27 08:51:42','2013-09-27 08:51:42'),(1130,74,9,4,'2013-09-27 08:51:42','2013-09-27 08:51:42'),(1131,74,10,2,'2013-09-27 08:51:42','2013-09-27 08:51:42'),(1132,74,11,3,'2013-09-27 08:51:42','2013-09-27 08:51:42'),(1133,74,12,2,'2013-09-27 08:51:42','2013-09-27 08:51:42'),(1134,74,13,2,'2013-09-27 08:51:42','2013-09-27 08:51:42'),(1135,74,14,3,'2013-09-27 08:51:42','2013-09-27 08:51:42'),(1136,74,15,5,'2013-09-27 08:51:42','2013-09-27 08:51:42'),(1137,75,0,3,'2013-09-27 08:51:42','2013-09-27 08:51:42'),(1138,75,1,5,'2013-09-27 08:51:42','2013-09-27 08:51:42'),(1139,75,2,2,'2013-09-27 08:51:42','2013-09-27 08:51:42'),(1140,75,3,1,'2013-09-27 08:51:42','2013-09-27 08:51:42'),(1141,75,4,5,'2013-09-27 08:51:42','2013-09-27 08:51:42'),(1142,75,5,1,'2013-09-27 08:51:42','2013-09-27 08:51:42'),(1143,75,6,1,'2013-09-27 08:51:42','2013-09-27 08:51:42'),(1144,75,7,4,'2013-09-27 08:51:42','2013-09-27 08:51:42'),(1145,75,8,4,'2013-09-27 08:51:42','2013-09-27 08:51:42'),(1146,75,9,3,'2013-09-27 08:51:42','2013-09-27 08:51:42'),(1147,75,10,4,'2013-09-27 08:51:42','2013-09-27 08:51:42'),(1148,75,11,3,'2013-09-27 08:51:42','2013-09-27 08:51:42'),(1149,75,12,1,'2013-09-27 08:51:42','2013-09-27 08:51:42'),(1150,75,13,2,'2013-09-27 08:51:43','2013-09-27 08:51:43'),(1151,75,14,2,'2013-09-27 08:51:43','2013-09-27 08:51:43'),(1152,75,15,2,'2013-09-27 08:51:43','2013-09-27 08:51:43'),(1153,76,0,1,'2013-09-27 08:51:43','2013-09-27 08:51:43'),(1154,76,1,5,'2013-09-27 08:51:43','2013-09-27 08:51:43'),(1155,76,2,3,'2013-09-27 08:51:43','2013-09-27 08:51:43'),(1156,76,3,1,'2013-09-27 08:51:43','2013-09-27 08:51:43'),(1157,76,4,2,'2013-09-27 08:51:43','2013-09-27 08:51:43'),(1158,76,5,5,'2013-09-27 08:51:43','2013-09-27 08:51:43'),(1159,76,6,4,'2013-09-27 08:51:43','2013-09-27 08:51:43'),(1160,76,7,4,'2013-09-27 08:51:43','2013-09-27 08:51:43'),(1161,76,8,5,'2013-09-27 08:51:43','2013-09-27 08:51:43'),(1162,76,9,3,'2013-09-27 08:51:43','2013-09-27 08:51:43'),(1163,76,10,4,'2013-09-27 08:51:43','2013-09-27 08:51:43'),(1164,76,11,2,'2013-09-27 08:51:43','2013-09-27 08:51:43'),(1165,76,12,3,'2013-09-27 08:51:43','2013-09-27 08:51:43'),(1166,76,13,3,'2013-09-27 08:51:43','2013-09-27 08:51:43'),(1167,76,14,2,'2013-09-27 08:51:43','2013-09-27 08:51:43'),(1168,76,15,4,'2013-09-27 08:51:43','2013-09-27 08:51:43'),(1169,77,0,3,'2013-09-27 08:51:43','2013-09-27 08:51:43'),(1170,77,1,1,'2013-09-27 08:51:43','2013-09-27 08:51:43'),(1171,77,2,2,'2013-09-27 08:51:43','2013-09-27 08:51:43'),(1172,77,3,5,'2013-09-27 08:51:43','2013-09-27 08:51:43'),(1173,77,4,4,'2013-09-27 08:51:43','2013-09-27 08:51:43'),(1174,77,5,2,'2013-09-27 08:51:43','2013-09-27 08:51:43'),(1175,77,6,2,'2013-09-27 08:51:43','2013-09-27 08:51:43'),(1176,77,7,2,'2013-09-27 08:51:43','2013-09-27 08:51:43'),(1177,77,8,5,'2013-09-27 08:51:43','2013-09-27 08:51:43'),(1178,77,9,3,'2013-09-27 08:51:43','2013-09-27 08:51:43'),(1179,77,10,1,'2013-09-27 08:51:43','2013-09-27 08:51:43'),(1180,77,11,4,'2013-09-27 08:51:43','2013-09-27 08:51:43'),(1181,77,12,3,'2013-09-27 08:51:43','2013-09-27 08:51:43'),(1182,77,13,4,'2013-09-27 08:51:43','2013-09-27 08:51:43'),(1183,77,14,3,'2013-09-27 08:51:43','2013-09-27 08:51:43'),(1184,77,15,1,'2013-09-27 08:51:43','2013-09-27 08:51:43'),(1185,78,0,5,'2013-09-27 08:51:43','2013-09-27 08:51:43'),(1186,78,1,5,'2013-09-27 08:51:43','2013-09-27 08:51:43'),(1187,78,2,3,'2013-09-27 08:51:43','2013-09-27 08:51:43'),(1188,78,3,2,'2013-09-27 08:51:43','2013-09-27 08:51:43'),(1189,78,4,5,'2013-09-27 08:51:43','2013-09-27 08:51:43'),(1190,78,5,1,'2013-09-27 08:51:43','2013-09-27 08:51:43'),(1191,78,6,1,'2013-09-27 08:51:43','2013-09-27 08:51:43'),(1192,78,7,1,'2013-09-27 08:51:43','2013-09-27 08:51:43'),(1193,78,8,1,'2013-09-27 08:51:43','2013-09-27 08:51:43'),(1194,78,9,4,'2013-09-27 08:51:43','2013-09-27 08:51:43'),(1195,78,10,4,'2013-09-27 08:51:43','2013-09-27 08:51:43'),(1196,78,11,4,'2013-09-27 08:51:43','2013-09-27 08:51:43'),(1197,78,12,2,'2013-09-27 08:51:43','2013-09-27 08:51:43'),(1198,78,13,5,'2013-09-27 08:51:43','2013-09-27 08:51:43'),(1199,78,14,3,'2013-09-27 08:51:43','2013-09-27 08:51:43'),(1200,78,15,2,'2013-09-27 08:51:43','2013-09-27 08:51:43'),(1201,79,0,2,'2013-09-27 08:52:14','2013-09-27 08:52:14'),(1202,79,1,4,'2013-09-27 08:52:14','2013-09-27 08:52:14'),(1203,79,2,2,'2013-09-27 08:52:14','2013-09-27 08:52:14'),(1204,79,3,5,'2013-09-27 08:52:14','2013-09-27 08:52:14'),(1205,79,4,1,'2013-09-27 08:52:14','2013-09-27 08:52:14'),(1206,79,5,3,'2013-09-27 08:52:14','2013-09-27 08:52:14'),(1207,79,6,2,'2013-09-27 08:52:14','2013-09-27 08:52:14'),(1208,79,7,3,'2013-09-27 08:52:14','2013-09-27 08:52:14'),(1209,79,8,4,'2013-09-27 08:52:14','2013-09-27 08:52:14'),(1210,79,9,1,'2013-09-27 08:52:14','2013-09-27 08:52:14'),(1211,79,10,2,'2013-09-27 08:52:14','2013-09-27 08:52:14'),(1212,79,11,5,'2013-09-27 08:52:14','2013-09-27 08:52:14'),(1213,79,12,3,'2013-09-27 08:52:14','2013-09-27 08:52:14'),(1214,79,13,3,'2013-09-27 08:52:14','2013-09-27 08:52:14'),(1215,79,14,4,'2013-09-27 08:52:14','2013-09-27 08:52:14'),(1216,79,15,4,'2013-09-27 08:52:14','2013-09-27 08:52:14'),(1217,80,0,5,'2013-09-27 08:52:14','2013-09-27 08:52:14'),(1218,80,1,3,'2013-09-27 08:52:14','2013-09-27 08:52:14'),(1219,80,2,2,'2013-09-27 08:52:14','2013-09-27 08:52:14'),(1220,80,3,3,'2013-09-27 08:52:14','2013-09-27 08:52:14'),(1221,80,4,3,'2013-09-27 08:52:14','2013-09-27 08:52:14'),(1222,80,5,3,'2013-09-27 08:52:14','2013-09-27 08:52:14'),(1223,80,6,2,'2013-09-27 08:52:14','2013-09-27 08:52:14'),(1224,80,7,1,'2013-09-27 08:52:14','2013-09-27 08:52:14'),(1225,80,8,1,'2013-09-27 08:52:14','2013-09-27 08:52:14'),(1226,80,9,1,'2013-09-27 08:52:14','2013-09-27 08:52:14'),(1227,80,10,2,'2013-09-27 08:52:14','2013-09-27 08:52:14'),(1228,80,11,5,'2013-09-27 08:52:14','2013-09-27 08:52:14'),(1229,80,12,4,'2013-09-27 08:52:14','2013-09-27 08:52:14'),(1230,80,13,1,'2013-09-27 08:52:14','2013-09-27 08:52:14'),(1231,80,14,4,'2013-09-27 08:52:14','2013-09-27 08:52:14'),(1232,80,15,4,'2013-09-27 08:52:14','2013-09-27 08:52:14'),(1233,81,0,1,'2013-09-27 08:52:14','2013-09-27 08:52:14'),(1234,81,1,5,'2013-09-27 08:52:14','2013-09-27 08:52:14'),(1235,81,2,5,'2013-09-27 08:52:14','2013-09-27 08:52:14'),(1236,81,3,1,'2013-09-27 08:52:14','2013-09-27 08:52:14'),(1237,81,4,5,'2013-09-27 08:52:14','2013-09-27 08:52:14'),(1238,81,5,3,'2013-09-27 08:52:14','2013-09-27 08:52:14'),(1239,81,6,1,'2013-09-27 08:52:14','2013-09-27 08:52:14'),(1240,81,7,5,'2013-09-27 08:52:14','2013-09-27 08:52:14'),(1241,81,8,4,'2013-09-27 08:52:14','2013-09-27 08:52:14'),(1242,81,9,1,'2013-09-27 08:52:14','2013-09-27 08:52:14'),(1243,81,10,3,'2013-09-27 08:52:14','2013-09-27 08:52:14'),(1244,81,11,4,'2013-09-27 08:52:14','2013-09-27 08:52:14'),(1245,81,12,4,'2013-09-27 08:52:14','2013-09-27 08:52:14'),(1246,81,13,4,'2013-09-27 08:52:14','2013-09-27 08:52:14'),(1247,81,14,2,'2013-09-27 08:52:14','2013-09-27 08:52:14'),(1248,81,15,2,'2013-09-27 08:52:14','2013-09-27 08:52:14'),(1249,82,0,2,'2013-09-27 08:52:15','2013-09-27 08:52:15'),(1250,82,1,2,'2013-09-27 08:52:15','2013-09-27 08:52:15'),(1251,82,2,3,'2013-09-27 08:52:15','2013-09-27 08:52:15'),(1252,82,3,1,'2013-09-27 08:52:15','2013-09-27 08:52:15'),(1253,82,4,5,'2013-09-27 08:52:15','2013-09-27 08:52:15'),(1254,82,5,1,'2013-09-27 08:52:15','2013-09-27 08:52:15'),(1255,82,6,2,'2013-09-27 08:52:15','2013-09-27 08:52:15'),(1256,82,7,1,'2013-09-27 08:52:15','2013-09-27 08:52:15'),(1257,82,8,4,'2013-09-27 08:52:15','2013-09-27 08:52:15'),(1258,82,9,4,'2013-09-27 08:52:15','2013-09-27 08:52:15'),(1259,82,10,3,'2013-09-27 08:52:15','2013-09-27 08:52:15'),(1260,82,11,5,'2013-09-27 08:52:15','2013-09-27 08:52:15'),(1261,82,12,5,'2013-09-27 08:52:15','2013-09-27 08:52:15'),(1262,82,13,3,'2013-09-27 08:52:15','2013-09-27 08:52:15'),(1263,82,14,5,'2013-09-27 08:52:15','2013-09-27 08:52:15'),(1264,82,15,2,'2013-09-27 08:52:15','2013-09-27 08:52:15'),(1265,83,0,5,'2013-09-27 08:52:15','2013-09-27 08:52:15'),(1266,83,1,2,'2013-09-27 08:52:15','2013-09-27 08:52:15'),(1267,83,2,3,'2013-09-27 08:52:15','2013-09-27 08:52:15'),(1268,83,3,3,'2013-09-27 08:52:15','2013-09-27 08:52:15'),(1269,83,4,4,'2013-09-27 08:52:15','2013-09-27 08:52:15'),(1270,83,5,4,'2013-09-27 08:52:15','2013-09-27 08:52:15'),(1271,83,6,3,'2013-09-27 08:52:15','2013-09-27 08:52:15'),(1272,83,7,5,'2013-09-27 08:52:15','2013-09-27 08:52:15'),(1273,83,8,2,'2013-09-27 08:52:15','2013-09-27 08:52:15'),(1274,83,9,3,'2013-09-27 08:52:15','2013-09-27 08:52:15'),(1275,83,10,4,'2013-09-27 08:52:15','2013-09-27 08:52:15'),(1276,83,11,5,'2013-09-27 08:52:15','2013-09-27 08:52:15'),(1277,83,12,1,'2013-09-27 08:52:15','2013-09-27 08:52:15'),(1278,83,13,4,'2013-09-27 08:52:15','2013-09-27 08:52:15'),(1279,83,14,2,'2013-09-27 08:52:15','2013-09-27 08:52:15'),(1280,83,15,5,'2013-09-27 08:52:15','2013-09-27 08:52:15'),(1281,84,0,2,'2013-09-27 09:14:46','2013-09-27 09:14:46'),(1282,84,1,4,'2013-09-27 09:14:46','2013-09-27 09:14:46'),(1283,84,2,2,'2013-09-27 09:14:46','2013-09-27 09:14:46'),(1284,84,3,5,'2013-09-27 09:14:46','2013-09-27 09:14:46'),(1285,84,4,1,'2013-09-27 09:14:46','2013-09-27 09:14:46'),(1286,84,5,3,'2013-09-27 09:14:46','2013-09-27 09:14:46'),(1287,84,6,2,'2013-09-27 09:14:46','2013-09-27 09:14:46'),(1288,84,7,3,'2013-09-27 09:14:46','2013-09-27 09:14:46'),(1289,84,8,4,'2013-09-27 09:14:46','2013-09-27 09:14:46'),(1290,84,9,1,'2013-09-27 09:14:46','2013-09-27 09:14:46'),(1291,84,10,2,'2013-09-27 09:14:46','2013-09-27 09:14:46'),(1292,84,11,5,'2013-09-27 09:14:46','2013-09-27 09:14:46'),(1293,84,12,3,'2013-09-27 09:14:46','2013-09-27 09:14:46'),(1294,84,13,3,'2013-09-27 09:14:46','2013-09-27 09:14:46'),(1295,84,14,4,'2013-09-27 09:14:46','2013-09-27 09:14:46'),(1296,84,15,4,'2013-09-27 09:14:46','2013-09-27 09:14:46'),(1297,85,0,5,'2013-09-27 09:14:46','2013-09-27 09:14:46'),(1298,85,1,3,'2013-09-27 09:14:46','2013-09-27 09:14:46'),(1299,85,2,2,'2013-09-27 09:14:46','2013-09-27 09:14:46'),(1300,85,3,3,'2013-09-27 09:14:46','2013-09-27 09:14:46'),(1301,85,4,3,'2013-09-27 09:14:46','2013-09-27 09:14:46'),(1302,85,5,3,'2013-09-27 09:14:46','2013-09-27 09:14:46'),(1303,85,6,2,'2013-09-27 09:14:46','2013-09-27 09:14:46'),(1304,85,7,1,'2013-09-27 09:14:46','2013-09-27 09:14:46'),(1305,85,8,1,'2013-09-27 09:14:46','2013-09-27 09:14:46'),(1306,85,9,1,'2013-09-27 09:14:46','2013-09-27 09:14:46'),(1307,85,10,2,'2013-09-27 09:14:46','2013-09-27 09:14:46'),(1308,85,11,5,'2013-09-27 09:14:46','2013-09-27 09:14:46'),(1309,85,12,4,'2013-09-27 09:14:46','2013-09-27 09:14:46'),(1310,85,13,1,'2013-09-27 09:14:46','2013-09-27 09:14:46'),(1311,85,14,4,'2013-09-27 09:14:46','2013-09-27 09:14:46'),(1312,85,15,4,'2013-09-27 09:14:46','2013-09-27 09:14:46'),(1313,86,0,1,'2013-09-27 09:14:46','2013-09-27 09:14:46'),(1314,86,1,5,'2013-09-27 09:14:46','2013-09-27 09:14:46'),(1315,86,2,5,'2013-09-27 09:14:46','2013-09-27 09:14:46'),(1316,86,3,1,'2013-09-27 09:14:46','2013-09-27 09:14:46'),(1317,86,4,5,'2013-09-27 09:14:46','2013-09-27 09:14:46'),(1318,86,5,3,'2013-09-27 09:14:46','2013-09-27 09:14:46'),(1319,86,6,1,'2013-09-27 09:14:46','2013-09-27 09:14:46'),(1320,86,7,5,'2013-09-27 09:14:46','2013-09-27 09:14:46'),(1321,86,8,4,'2013-09-27 09:14:46','2013-09-27 09:14:46'),(1322,86,9,1,'2013-09-27 09:14:46','2013-09-27 09:14:46'),(1323,86,10,3,'2013-09-27 09:14:46','2013-09-27 09:14:46'),(1324,86,11,4,'2013-09-27 09:14:46','2013-09-27 09:14:46'),(1325,86,12,4,'2013-09-27 09:14:46','2013-09-27 09:14:46'),(1326,86,13,4,'2013-09-27 09:14:46','2013-09-27 09:14:46'),(1327,86,14,2,'2013-09-27 09:14:46','2013-09-27 09:14:46'),(1328,86,15,2,'2013-09-27 09:14:46','2013-09-27 09:14:46'),(1329,87,0,2,'2013-09-27 09:14:46','2013-09-27 09:14:46'),(1330,87,1,2,'2013-09-27 09:14:46','2013-09-27 09:14:46'),(1331,87,2,3,'2013-09-27 09:14:46','2013-09-27 09:14:46'),(1332,87,3,1,'2013-09-27 09:14:46','2013-09-27 09:14:46'),(1333,87,4,5,'2013-09-27 09:14:46','2013-09-27 09:14:46'),(1334,87,5,1,'2013-09-27 09:14:46','2013-09-27 09:14:46'),(1335,87,6,2,'2013-09-27 09:14:46','2013-09-27 09:14:46'),(1336,87,7,1,'2013-09-27 09:14:46','2013-09-27 09:14:46'),(1337,87,8,4,'2013-09-27 09:14:46','2013-09-27 09:14:46'),(1338,87,9,4,'2013-09-27 09:14:46','2013-09-27 09:14:46'),(1339,87,10,3,'2013-09-27 09:14:46','2013-09-27 09:14:46'),(1340,87,11,5,'2013-09-27 09:14:46','2013-09-27 09:14:46'),(1341,87,12,5,'2013-09-27 09:14:46','2013-09-27 09:14:46'),(1342,87,13,3,'2013-09-27 09:14:46','2013-09-27 09:14:46'),(1343,87,14,5,'2013-09-27 09:14:46','2013-09-27 09:14:46'),(1344,87,15,2,'2013-09-27 09:14:46','2013-09-27 09:14:46'),(1345,88,0,5,'2013-09-27 09:14:46','2013-09-27 09:14:46'),(1346,88,1,2,'2013-09-27 09:14:46','2013-09-27 09:14:46'),(1347,88,2,3,'2013-09-27 09:14:46','2013-09-27 09:14:46'),(1348,88,3,3,'2013-09-27 09:14:46','2013-09-27 09:14:46'),(1349,88,4,4,'2013-09-27 09:14:46','2013-09-27 09:14:46'),(1350,88,5,4,'2013-09-27 09:14:46','2013-09-27 09:14:46'),(1351,88,6,3,'2013-09-27 09:14:46','2013-09-27 09:14:46'),(1352,88,7,5,'2013-09-27 09:14:46','2013-09-27 09:14:46'),(1353,88,8,2,'2013-09-27 09:14:46','2013-09-27 09:14:46'),(1354,88,9,3,'2013-09-27 09:14:46','2013-09-27 09:14:46'),(1355,88,10,4,'2013-09-27 09:14:46','2013-09-27 09:14:46'),(1356,88,11,5,'2013-09-27 09:14:46','2013-09-27 09:14:46'),(1357,88,12,1,'2013-09-27 09:14:46','2013-09-27 09:14:46'),(1358,88,13,4,'2013-09-27 09:14:46','2013-09-27 09:14:46'),(1359,88,14,2,'2013-09-27 09:14:46','2013-09-27 09:14:46'),(1360,88,15,5,'2013-09-27 09:14:46','2013-09-27 09:14:46'),(1361,89,0,2,'2013-09-27 09:15:13','2013-09-27 09:15:13'),(1362,89,1,4,'2013-09-27 09:15:13','2013-09-27 09:15:13'),(1363,89,2,2,'2013-09-27 09:15:13','2013-09-27 09:15:13'),(1364,89,3,5,'2013-09-27 09:15:13','2013-09-27 09:15:13'),(1365,89,4,1,'2013-09-27 09:15:13','2013-09-27 09:15:13'),(1366,89,5,3,'2013-09-27 09:15:13','2013-09-27 09:15:13'),(1367,89,6,2,'2013-09-27 09:15:13','2013-09-27 09:15:13'),(1368,89,7,3,'2013-09-27 09:15:13','2013-09-27 09:15:13'),(1369,89,8,4,'2013-09-27 09:15:13','2013-09-27 09:15:13'),(1370,89,9,1,'2013-09-27 09:15:13','2013-09-27 09:15:13'),(1371,89,10,2,'2013-09-27 09:15:13','2013-09-27 09:15:13'),(1372,89,11,5,'2013-09-27 09:15:13','2013-09-27 09:15:13'),(1373,89,12,3,'2013-09-27 09:15:13','2013-09-27 09:15:13'),(1374,89,13,3,'2013-09-27 09:15:13','2013-09-27 09:15:13'),(1375,89,14,4,'2013-09-27 09:15:13','2013-09-27 09:15:13'),(1376,89,15,4,'2013-09-27 09:15:13','2013-09-27 09:15:13'),(1377,90,0,5,'2013-09-27 09:15:13','2013-09-27 09:15:13'),(1378,90,1,3,'2013-09-27 09:15:13','2013-09-27 09:15:13'),(1379,90,2,2,'2013-09-27 09:15:13','2013-09-27 09:15:13'),(1380,90,3,3,'2013-09-27 09:15:13','2013-09-27 09:15:13'),(1381,90,4,3,'2013-09-27 09:15:13','2013-09-27 09:15:13'),(1382,90,5,3,'2013-09-27 09:15:13','2013-09-27 09:15:13'),(1383,90,6,2,'2013-09-27 09:15:13','2013-09-27 09:15:13'),(1384,90,7,1,'2013-09-27 09:15:13','2013-09-27 09:15:13'),(1385,90,8,1,'2013-09-27 09:15:13','2013-09-27 09:15:13'),(1386,90,9,1,'2013-09-27 09:15:13','2013-09-27 09:15:13'),(1387,90,10,2,'2013-09-27 09:15:13','2013-09-27 09:15:13'),(1388,90,11,5,'2013-09-27 09:15:13','2013-09-27 09:15:13'),(1389,90,12,4,'2013-09-27 09:15:13','2013-09-27 09:15:13'),(1390,90,13,1,'2013-09-27 09:15:13','2013-09-27 09:15:13'),(1391,90,14,4,'2013-09-27 09:15:13','2013-09-27 09:15:13'),(1392,90,15,4,'2013-09-27 09:15:13','2013-09-27 09:15:13'),(1393,91,0,1,'2013-09-27 09:15:14','2013-09-27 09:15:14'),(1394,91,1,5,'2013-09-27 09:15:14','2013-09-27 09:15:14'),(1395,91,2,5,'2013-09-27 09:15:14','2013-09-27 09:15:14'),(1396,91,3,1,'2013-09-27 09:15:14','2013-09-27 09:15:14'),(1397,91,4,5,'2013-09-27 09:15:14','2013-09-27 09:15:14'),(1398,91,5,3,'2013-09-27 09:15:14','2013-09-27 09:15:14'),(1399,91,6,1,'2013-09-27 09:15:14','2013-09-27 09:15:14'),(1400,91,7,5,'2013-09-27 09:15:14','2013-09-27 09:15:14'),(1401,91,8,4,'2013-09-27 09:15:14','2013-09-27 09:15:14'),(1402,91,9,1,'2013-09-27 09:15:14','2013-09-27 09:15:14'),(1403,91,10,3,'2013-09-27 09:15:14','2013-09-27 09:15:14'),(1404,91,11,4,'2013-09-27 09:15:14','2013-09-27 09:15:14'),(1405,91,12,4,'2013-09-27 09:15:14','2013-09-27 09:15:14'),(1406,91,13,4,'2013-09-27 09:15:14','2013-09-27 09:15:14'),(1407,91,14,2,'2013-09-27 09:15:14','2013-09-27 09:15:14'),(1408,91,15,2,'2013-09-27 09:15:14','2013-09-27 09:15:14'),(1409,92,0,2,'2013-09-27 09:15:14','2013-09-27 09:15:14'),(1410,92,1,2,'2013-09-27 09:15:14','2013-09-27 09:15:14'),(1411,92,2,3,'2013-09-27 09:15:14','2013-09-27 09:15:14'),(1412,92,3,1,'2013-09-27 09:15:14','2013-09-27 09:15:14'),(1413,92,4,5,'2013-09-27 09:15:14','2013-09-27 09:15:14'),(1414,92,5,1,'2013-09-27 09:15:14','2013-09-27 09:15:14'),(1415,92,6,2,'2013-09-27 09:15:14','2013-09-27 09:15:14'),(1416,92,7,1,'2013-09-27 09:15:14','2013-09-27 09:15:14'),(1417,92,8,4,'2013-09-27 09:15:14','2013-09-27 09:15:14'),(1418,92,9,4,'2013-09-27 09:15:14','2013-09-27 09:15:14'),(1419,92,10,3,'2013-09-27 09:15:14','2013-09-27 09:15:14'),(1420,92,11,5,'2013-09-27 09:15:14','2013-09-27 09:15:14'),(1421,92,12,5,'2013-09-27 09:15:14','2013-09-27 09:15:14'),(1422,92,13,3,'2013-09-27 09:15:14','2013-09-27 09:15:14'),(1423,92,14,5,'2013-09-27 09:15:14','2013-09-27 09:15:14'),(1424,92,15,2,'2013-09-27 09:15:14','2013-09-27 09:15:14'),(1425,93,0,5,'2013-09-27 09:15:14','2013-09-27 09:15:14'),(1426,93,1,2,'2013-09-27 09:15:14','2013-09-27 09:15:14'),(1427,93,2,3,'2013-09-27 09:15:14','2013-09-27 09:15:14'),(1428,93,3,3,'2013-09-27 09:15:14','2013-09-27 09:15:14'),(1429,93,4,4,'2013-09-27 09:15:14','2013-09-27 09:15:14'),(1430,93,5,4,'2013-09-27 09:15:14','2013-09-27 09:15:14'),(1431,93,6,3,'2013-09-27 09:15:14','2013-09-27 09:15:14'),(1432,93,7,5,'2013-09-27 09:15:14','2013-09-27 09:15:14'),(1433,93,8,2,'2013-09-27 09:15:14','2013-09-27 09:15:14'),(1434,93,9,3,'2013-09-27 09:15:14','2013-09-27 09:15:14'),(1435,93,10,4,'2013-09-27 09:15:14','2013-09-27 09:15:14'),(1436,93,11,5,'2013-09-27 09:15:14','2013-09-27 09:15:14'),(1437,93,12,1,'2013-09-27 09:15:14','2013-09-27 09:15:14'),(1438,93,13,4,'2013-09-27 09:15:14','2013-09-27 09:15:14'),(1439,93,14,2,'2013-09-27 09:15:14','2013-09-27 09:15:14'),(1440,93,15,5,'2013-09-27 09:15:14','2013-09-27 09:15:14');
/*!40000 ALTER TABLE `cellcolors` ENABLE KEYS */;
UNLOCK TABLES;

--
-- Table structure for table `color_pallets`
--

DROP TABLE IF EXISTS `color_pallets`;
/*!40101 SET @saved_cs_client     = @@character_set_client */;
/*!40101 SET character_set_client = utf8 */;
CREATE TABLE `color_pallets` (
  `id` int(11) NOT NULL AUTO_INCREMENT,
  `color` varchar(255) DEFAULT NULL,
  `created_at` datetime NOT NULL,
  `updated_at` datetime NOT NULL,
  `name` varchar(255) DEFAULT NULL,
  PRIMARY KEY (`id`)
) ENGINE=InnoDB AUTO_INCREMENT=6 DEFAULT CHARSET=utf8;
/*!40101 SET character_set_client = @saved_cs_client */;

--
-- Dumping data for table `color_pallets`
--

LOCK TABLES `color_pallets` WRITE;
/*!40000 ALTER TABLE `color_pallets` DISABLE KEYS */;
INSERT INTO `color_pallets` VALUES (1,'#DD0000','2013-08-06 18:52:19','2013-08-06 18:52:19','Red'),(2,'#00DD00','2013-08-06 18:52:40','2013-08-06 18:52:40','Green'),(3,'#0000DD','2013-08-06 18:52:59','2013-08-06 18:52:59','Blue'),(4,'#DDDD00','2013-08-06 18:53:19','2013-08-06 18:53:19','Yellow'),(5,'#00DDDD','2013-08-06 18:53:39','2013-08-06 18:53:39','Cyan');
/*!40000 ALTER TABLE `color_pallets` ENABLE KEYS */;
UNLOCK TABLES;

--
-- Table structure for table `commitments`
--

DROP TABLE IF EXISTS `commitments`;
/*!40101 SET @saved_cs_client     = @@character_set_client */;
/*!40101 SET character_set_client = utf8 */;
CREATE TABLE `commitments` (
  `id` int(11) NOT NULL AUTO_INCREMENT,
  `name` varchar(255) DEFAULT NULL,
  `created_at` datetime NOT NULL,
  `updated_at` datetime NOT NULL,
  PRIMARY KEY (`id`)
) ENGINE=InnoDB AUTO_INCREMENT=4 DEFAULT CHARSET=utf8;
/*!40101 SET character_set_client = @saved_cs_client */;

--
-- Dumping data for table `commitments`
--

LOCK TABLES `commitments` WRITE;
/*!40000 ALTER TABLE `commitments` DISABLE KEYS */;
INSERT INTO `commitments` VALUES (1,'Create','2013-08-08 19:58:46','2013-08-08 19:58:46'),(2,'Cancel','2013-08-08 19:59:01','2013-08-08 19:59:01'),(3,'Violate','2013-08-08 19:59:17','2013-08-08 19:59:17');
/*!40000 ALTER TABLE `commitments` ENABLE KEYS */;
UNLOCK TABLES;

--
-- Table structure for table `emotions`
--

DROP TABLE IF EXISTS `emotions`;
/*!40101 SET @saved_cs_client     = @@character_set_client */;
/*!40101 SET character_set_client = utf8 */;
CREATE TABLE `emotions` (
  `id` int(11) NOT NULL AUTO_INCREMENT,
  `name` varchar(255) DEFAULT NULL,
  `created_at` datetime NOT NULL,
  `updated_at` datetime NOT NULL,
  PRIMARY KEY (`id`)
) ENGINE=InnoDB AUTO_INCREMENT=6 DEFAULT CHARSET=utf8;
/*!40101 SET character_set_client = @saved_cs_client */;

--
-- Dumping data for table `emotions`
--

LOCK TABLES `emotions` WRITE;
/*!40000 ALTER TABLE `emotions` DISABLE KEYS */;
INSERT INTO `emotions` VALUES (1,'Very Negative','2013-08-08 19:42:22','2013-09-20 20:12:48'),(2,'Negative','2013-08-08 19:42:38','2013-09-20 20:12:59'),(3,'Neutral','2013-08-08 19:42:54','2013-09-20 20:12:35'),(4,'Positve','2013-09-20 20:12:16','2013-09-20 20:12:16'),(5,'Very Positive','2013-09-20 20:12:26','2013-09-20 20:12:26');
/*!40000 ALTER TABLE `emotions` ENABLE KEYS */;
UNLOCK TABLES;

--
-- Table structure for table `expectations`
--

DROP TABLE IF EXISTS `expectations`;
/*!40101 SET @saved_cs_client     = @@character_set_client */;
/*!40101 SET character_set_client = utf8 */;
CREATE TABLE `expectations` (
  `id` int(11) NOT NULL AUTO_INCREMENT,
  `name` varchar(255) DEFAULT NULL,
  `created_at` datetime NOT NULL,
  `updated_at` datetime NOT NULL,
  PRIMARY KEY (`id`)
) ENGINE=InnoDB AUTO_INCREMENT=6 DEFAULT CHARSET=utf8;
/*!40101 SET character_set_client = @saved_cs_client */;

--
-- Dumping data for table `expectations`
--

LOCK TABLES `expectations` WRITE;
/*!40000 ALTER TABLE `expectations` DISABLE KEYS */;
INSERT INTO `expectations` VALUES (1,'Very Low','2013-08-08 19:40:40','2013-09-26 21:43:01'),(2,'Low','2013-08-08 19:40:56','2013-09-20 20:13:44'),(3,'Medium','2013-09-20 20:13:52','2013-09-20 20:13:52'),(4,'High','2013-09-20 20:13:59','2013-09-20 20:13:59'),(5,'Very High','2013-09-20 20:14:08','2013-09-20 20:14:08');
/*!40000 ALTER TABLE `expectations` ENABLE KEYS */;
UNLOCK TABLES;

--
-- Table structure for table `game_rounds`
--

DROP TABLE IF EXISTS `game_rounds`;
/*!40101 SET @saved_cs_client     = @@character_set_client */;
/*!40101 SET character_set_client = utf8 */;
CREATE TABLE `game_rounds` (
  `id` int(11) NOT NULL AUTO_INCREMENT,
  `game_id` int(11) DEFAULT NULL,
  `player1_player2_emotion` int(11) DEFAULT NULL,
  `player2_player1_emotion` int(11) DEFAULT NULL,
  `player1_player2_expectation` int(11) DEFAULT NULL,
  `player2_player1_expectation` int(11) DEFAULT NULL,
  `created_at` datetime NOT NULL,
  `updated_at` datetime NOT NULL,
  `game_round_status` tinyint(1) DEFAULT NULL,
  `player1_status` tinyint(1) DEFAULT NULL,
  `player2_status` tinyint(1) DEFAULT NULL,
  PRIMARY KEY (`id`),
  KEY `FK_game_rounds_1` (`game_id`),
  CONSTRAINT `FK_game_rounds_1` FOREIGN KEY (`game_id`) REFERENCES `games` (`id`) ON DELETE CASCADE ON UPDATE CASCADE
) ENGINE=InnoDB AUTO_INCREMENT=96 DEFAULT CHARSET=utf8;
/*!40101 SET character_set_client = @saved_cs_client */;

--
-- Dumping data for table `game_rounds`
--

LOCK TABLES `game_rounds` WRITE;
/*!40000 ALTER TABLE `game_rounds` DISABLE KEYS */;
INSERT INTO `game_rounds` VALUES (5,1,3,2,3,2,'2013-08-07 05:34:20','2013-09-27 18:02:23',1,1,1),(6,1,3,1,3,1,'2013-08-07 05:34:21','2013-09-27 03:47:00',1,1,1),(7,1,3,2,3,1,'2013-08-07 05:34:25','2013-09-27 03:47:59',1,1,1),(8,1,3,3,3,1,'2013-08-07 05:34:27','2013-09-27 03:48:51',1,1,1),(9,1,3,3,3,1,'2013-08-07 05:34:28','2013-09-27 03:49:38',1,1,1),(10,2,NULL,NULL,NULL,3,'2013-09-10 16:54:10','2013-09-27 04:21:10',0,0,1),(11,2,NULL,NULL,NULL,NULL,'2013-09-10 16:54:11','2013-09-10 16:54:11',0,0,0),(12,2,NULL,NULL,NULL,NULL,'2013-09-10 16:54:11','2013-09-10 16:54:11',0,0,0),(13,2,NULL,NULL,NULL,NULL,'2013-09-10 16:54:11','2013-09-10 16:54:11',0,0,0),(14,2,NULL,NULL,NULL,NULL,'2013-09-10 16:54:11','2013-09-10 16:54:11',0,0,0),(15,3,NULL,NULL,NULL,NULL,'2013-09-10 16:54:14','2013-09-10 16:54:14',0,0,0),(16,3,NULL,NULL,NULL,NULL,'2013-09-10 16:54:14','2013-09-10 16:54:14',0,0,0),(17,3,NULL,NULL,NULL,NULL,'2013-09-10 16:54:14','2013-09-10 16:54:14',0,0,0),(18,4,NULL,NULL,NULL,NULL,'2013-09-10 16:54:16','2013-09-10 16:54:16',0,0,0),(19,4,NULL,NULL,NULL,NULL,'2013-09-10 16:54:16','2013-09-10 16:54:16',0,0,0),(20,4,NULL,NULL,NULL,NULL,'2013-09-10 16:54:16','2013-09-10 16:54:16',0,0,0),(21,5,NULL,NULL,NULL,NULL,'2013-09-10 16:54:18','2013-09-10 16:54:18',0,0,0),(22,5,NULL,NULL,NULL,NULL,'2013-09-10 16:54:19','2013-09-10 16:54:19',0,0,0),(23,5,NULL,NULL,NULL,NULL,'2013-09-10 16:54:19','2013-09-10 16:54:19',0,0,0),(24,6,NULL,NULL,NULL,NULL,'2013-09-10 16:54:21','2013-09-10 16:54:21',0,0,0),(25,6,NULL,NULL,NULL,NULL,'2013-09-10 16:54:21','2013-09-10 16:54:21',0,0,0),(26,6,NULL,NULL,NULL,NULL,'2013-09-10 16:54:22','2013-09-10 16:54:22',0,0,0),(27,7,NULL,NULL,NULL,NULL,'2013-09-27 05:50:38','2013-09-27 05:50:38',0,0,0),(28,7,NULL,NULL,NULL,NULL,'2013-09-27 05:50:38','2013-09-27 05:50:38',0,0,0),(29,7,NULL,NULL,NULL,NULL,'2013-09-27 05:50:38','2013-09-27 05:50:38',0,0,0),(30,7,NULL,NULL,NULL,NULL,'2013-09-27 05:50:38','2013-09-27 05:50:38',0,0,0),(31,7,NULL,NULL,NULL,NULL,'2013-09-27 05:50:39','2013-09-27 05:50:39',0,0,0),(56,8,NULL,NULL,NULL,NULL,'2013-09-27 08:11:26','2013-09-27 08:11:26',NULL,NULL,NULL),(57,8,NULL,NULL,NULL,NULL,'2013-09-27 08:11:26','2013-09-27 08:11:26',NULL,NULL,NULL),(58,8,NULL,NULL,NULL,NULL,'2013-09-27 08:11:27','2013-09-27 08:11:27',NULL,NULL,NULL),(59,8,NULL,NULL,NULL,NULL,'2013-09-27 08:11:27','2013-09-27 08:11:27',NULL,NULL,NULL),(60,8,NULL,NULL,NULL,NULL,'2013-09-27 08:11:27','2013-09-27 08:11:27',NULL,NULL,NULL),(61,9,NULL,NULL,NULL,NULL,'2013-09-27 08:17:14','2013-09-27 08:17:14',NULL,NULL,NULL),(62,9,NULL,NULL,NULL,NULL,'2013-09-27 08:17:15','2013-09-27 08:17:15',NULL,NULL,NULL),(63,9,NULL,NULL,NULL,NULL,'2013-09-27 08:17:15','2013-09-27 08:17:15',NULL,NULL,NULL),(64,9,NULL,NULL,NULL,NULL,'2013-09-27 08:17:15','2013-09-27 08:17:15',NULL,NULL,NULL),(65,9,NULL,NULL,NULL,NULL,'2013-09-27 08:17:15','2013-09-27 08:17:15',NULL,NULL,NULL),(66,10,NULL,NULL,NULL,NULL,'2013-09-27 08:19:54','2013-09-27 08:19:54',0,0,0),(67,10,NULL,NULL,NULL,NULL,'2013-09-27 08:19:55','2013-09-27 08:19:55',0,0,0),(68,10,NULL,NULL,NULL,NULL,'2013-09-27 08:19:55','2013-09-27 08:19:55',0,0,0),(69,10,NULL,NULL,NULL,NULL,'2013-09-27 08:19:55','2013-09-27 08:19:55',0,0,0),(70,10,NULL,NULL,NULL,NULL,'2013-09-27 08:19:55','2013-09-27 08:19:55',0,0,0),(71,11,NULL,NULL,NULL,NULL,'2013-09-27 08:50:24','2013-09-27 08:50:24',NULL,NULL,NULL),(72,11,NULL,NULL,NULL,NULL,'2013-09-27 08:50:24','2013-09-27 08:50:24',NULL,NULL,NULL),(73,11,NULL,NULL,NULL,NULL,'2013-09-27 08:50:24','2013-09-27 08:50:24',NULL,NULL,NULL),(74,11,NULL,NULL,NULL,NULL,'2013-09-27 08:50:24','2013-09-27 08:50:24',NULL,NULL,NULL),(75,11,NULL,NULL,NULL,NULL,'2013-09-27 08:50:24','2013-09-27 08:50:24',NULL,NULL,NULL),(76,12,NULL,NULL,NULL,NULL,'2013-09-27 08:51:42','2013-09-27 08:51:42',NULL,NULL,NULL),(77,12,NULL,NULL,NULL,NULL,'2013-09-27 08:51:42','2013-09-27 08:51:42',NULL,NULL,NULL),(78,12,NULL,NULL,NULL,NULL,'2013-09-27 08:51:43','2013-09-27 08:51:43',NULL,NULL,NULL),(79,12,NULL,NULL,NULL,NULL,'2013-09-27 08:51:43','2013-09-27 08:51:43',NULL,NULL,NULL),(80,12,NULL,NULL,NULL,NULL,'2013-09-27 08:51:43','2013-09-27 08:51:43',NULL,NULL,NULL),(81,13,NULL,NULL,NULL,NULL,'2013-09-27 08:52:14','2013-09-27 08:52:14',0,0,0),(82,13,NULL,NULL,NULL,NULL,'2013-09-27 08:52:14','2013-09-27 08:52:14',0,0,0),(83,13,NULL,NULL,NULL,NULL,'2013-09-27 08:52:14','2013-09-27 08:52:14',0,0,0),(84,13,NULL,NULL,NULL,NULL,'2013-09-27 08:52:14','2013-09-27 08:52:14',0,0,0),(85,13,NULL,NULL,NULL,NULL,'2013-09-27 08:52:15','2013-09-27 08:52:15',0,0,0),(86,14,NULL,NULL,NULL,NULL,'2013-09-27 09:14:46','2013-09-27 09:14:46',NULL,NULL,NULL),(87,14,NULL,NULL,NULL,NULL,'2013-09-27 09:14:46','2013-09-27 09:14:46',NULL,NULL,NULL),(88,14,NULL,NULL,NULL,NULL,'2013-09-27 09:14:46','2013-09-27 09:14:46',NULL,NULL,NULL),(89,14,NULL,NULL,NULL,NULL,'2013-09-27 09:14:46','2013-09-27 09:14:46',NULL,NULL,NULL),(90,14,NULL,NULL,NULL,NULL,'2013-09-27 09:14:46','2013-09-27 09:14:46',NULL,NULL,NULL),(91,15,NULL,NULL,NULL,NULL,'2013-09-27 09:15:13','2013-09-27 09:15:13',NULL,NULL,NULL),(92,15,NULL,NULL,NULL,NULL,'2013-09-27 09:15:13','2013-09-27 09:15:13',NULL,NULL,NULL),(93,15,NULL,NULL,NULL,NULL,'2013-09-27 09:15:13','2013-09-27 09:15:13',NULL,NULL,NULL),(94,15,NULL,NULL,NULL,NULL,'2013-09-27 09:15:14','2013-09-27 09:15:14',NULL,NULL,NULL),(95,15,NULL,NULL,NULL,NULL,'2013-09-27 09:15:14','2013-09-27 09:15:14',NULL,NULL,NULL);
/*!40000 ALTER TABLE `game_rounds` ENABLE KEYS */;
UNLOCK TABLES;

--
-- Table structure for table `gameboards`
--

DROP TABLE IF EXISTS `gameboards`;
/*!40101 SET @saved_cs_client     = @@character_set_client */;
/*!40101 SET character_set_client = utf8 */;
CREATE TABLE `gameboards` (
  `id` int(11) NOT NULL AUTO_INCREMENT,
  `game_round_id` int(11) DEFAULT NULL,
  `gridsize` int(11) DEFAULT NULL,
  `player1_start_position` int(11) DEFAULT NULL,
  `player2_start_position` int(11) DEFAULT NULL,
  `goal` int(11) DEFAULT NULL,
  `created_at` datetime NOT NULL,
  `updated_at` datetime NOT NULL,
  `player1_current_position` int(11) DEFAULT NULL,
  `player2_current_position` int(11) DEFAULT NULL,
  `player1_move_count` int(11) DEFAULT NULL,
  `player2_move_count` int(11) DEFAULT NULL,
  PRIMARY KEY (`id`),
  KEY `FK_gameboards_1` (`game_round_id`),
  CONSTRAINT `FK_gameboards_1` FOREIGN KEY (`game_round_id`) REFERENCES `game_rounds` (`id`) ON DELETE CASCADE ON UPDATE CASCADE
) ENGINE=InnoDB AUTO_INCREMENT=94 DEFAULT CHARSET=utf8;
/*!40101 SET character_set_client = @saved_cs_client */;

--
-- Dumping data for table `gameboards`
--

LOCK TABLES `gameboards` WRITE;
/*!40000 ALTER TABLE `gameboards` DISABLE KEYS */;
INSERT INTO `gameboards` VALUES (3,5,4,2,4,15,'2013-08-07 05:34:20','2013-09-20 19:01:29',2,4,0,0),(4,6,4,2,4,15,'2013-08-07 05:34:22','2013-09-05 21:30:18',2,4,0,0),(5,7,4,1,3,14,'2013-08-07 05:34:26','2013-09-05 21:33:23',1,3,0,0),(6,8,4,2,3,14,'2013-08-07 05:34:27','2013-09-05 21:36:34',2,3,0,0),(7,9,4,2,3,15,'2013-08-07 05:34:28','2013-09-05 21:39:59',2,3,0,0),(8,10,4,1,4,14,'2013-09-10 16:54:10','2013-09-10 16:54:10',NULL,NULL,NULL,NULL),(9,11,4,2,4,15,'2013-09-10 16:54:11','2013-09-10 16:54:11',NULL,NULL,NULL,NULL),(10,12,4,1,4,14,'2013-09-10 16:54:11','2013-09-10 16:54:11',NULL,NULL,NULL,NULL),(11,13,4,2,4,15,'2013-09-10 16:54:11','2013-09-10 16:54:11',NULL,NULL,NULL,NULL),(12,14,4,2,3,14,'2013-09-10 16:54:11','2013-09-10 16:54:11',NULL,NULL,NULL,NULL),(13,15,4,2,4,14,'2013-09-10 16:54:14','2013-09-10 16:54:14',NULL,NULL,NULL,NULL),(14,16,4,1,4,15,'2013-09-10 16:54:14','2013-09-10 16:54:14',NULL,NULL,NULL,NULL),(15,17,4,2,3,15,'2013-09-10 16:54:14','2013-09-10 16:54:14',NULL,NULL,NULL,NULL),(16,18,4,2,4,15,'2013-09-10 16:54:16','2013-09-10 16:54:16',NULL,NULL,NULL,NULL),(17,19,4,1,3,15,'2013-09-10 16:54:16','2013-09-10 16:54:16',NULL,NULL,NULL,NULL),(18,20,4,1,3,15,'2013-09-10 16:54:16','2013-09-10 16:54:16',NULL,NULL,NULL,NULL),(19,21,4,1,4,14,'2013-09-10 16:54:18','2013-09-10 16:54:18',NULL,NULL,NULL,NULL),(20,22,4,2,4,14,'2013-09-10 16:54:19','2013-09-10 16:54:19',NULL,NULL,NULL,NULL),(21,23,4,1,4,14,'2013-09-10 16:54:19','2013-09-10 16:54:19',NULL,NULL,NULL,NULL),(22,24,4,2,3,15,'2013-09-10 16:54:21','2013-09-10 16:54:21',NULL,NULL,NULL,NULL),(23,25,4,1,4,15,'2013-09-10 16:54:21','2013-09-10 16:54:21',NULL,NULL,NULL,NULL),(24,26,4,1,4,15,'2013-09-10 16:54:22','2013-09-10 16:54:22',NULL,NULL,NULL,NULL),(25,27,4,2,4,15,'2013-09-27 05:50:38','2013-09-27 05:50:38',NULL,NULL,NULL,NULL),(26,28,4,1,4,15,'2013-09-27 05:50:38','2013-09-27 05:50:38',NULL,NULL,NULL,NULL),(27,29,4,1,4,14,'2013-09-27 05:50:38','2013-09-27 05:50:38',NULL,NULL,NULL,NULL),(28,30,4,5,2,16,'2013-09-27 05:50:38','2013-09-27 06:39:11',NULL,NULL,NULL,NULL),(29,31,4,14,9,4,'2013-09-27 05:50:39','2013-09-27 06:42:12',NULL,NULL,NULL,NULL),(54,56,4,2,4,15,'2013-09-27 08:11:26','2013-09-27 08:11:26',NULL,NULL,0,0),(55,57,4,1,4,15,'2013-09-27 08:11:26','2013-09-27 08:11:26',NULL,NULL,0,0),(56,58,4,1,4,14,'2013-09-27 08:11:27','2013-09-27 08:11:27',NULL,NULL,0,0),(57,59,4,5,2,16,'2013-09-27 08:11:27','2013-09-27 08:11:27',NULL,NULL,0,0),(58,60,4,14,9,4,'2013-09-27 08:11:27','2013-09-27 08:11:27',NULL,NULL,0,0),(59,61,4,2,4,15,'2013-09-27 08:17:14','2013-09-27 08:17:14',NULL,NULL,0,0),(60,62,4,1,4,15,'2013-09-27 08:17:15','2013-09-27 08:17:15',NULL,NULL,0,0),(61,63,4,1,4,14,'2013-09-27 08:17:15','2013-09-27 08:17:15',NULL,NULL,0,0),(62,64,4,5,2,16,'2013-09-27 08:17:15','2013-09-27 08:17:15',NULL,NULL,0,0),(63,65,4,14,9,4,'2013-09-27 08:17:15','2013-09-27 08:17:15',NULL,NULL,0,0),(64,66,4,2,4,15,'2013-09-27 08:19:54','2013-09-27 08:19:54',NULL,NULL,NULL,NULL),(65,67,4,2,4,15,'2013-09-27 08:19:55','2013-09-27 08:27:49',NULL,NULL,NULL,NULL),(66,68,4,5,4,15,'2013-09-27 08:19:55','2013-09-27 08:39:51',NULL,NULL,NULL,NULL),(67,69,4,2,4,15,'2013-09-27 08:19:55','2013-09-27 08:43:24',NULL,NULL,NULL,NULL),(68,70,4,2,4,15,'2013-09-27 08:19:55','2013-09-27 08:19:55',NULL,NULL,NULL,NULL),(69,71,4,2,4,15,'2013-09-27 08:50:24','2013-09-27 08:50:24',NULL,NULL,0,0),(70,72,4,2,4,15,'2013-09-27 08:50:24','2013-09-27 08:50:24',NULL,NULL,0,0),(71,73,4,5,4,15,'2013-09-27 08:50:24','2013-09-27 08:50:24',NULL,NULL,0,0),(72,74,4,2,4,15,'2013-09-27 08:50:24','2013-09-27 08:50:24',NULL,NULL,0,0),(73,75,4,2,4,15,'2013-09-27 08:50:25','2013-09-27 08:50:25',NULL,NULL,0,0),(74,76,4,2,4,15,'2013-09-27 08:51:42','2013-09-27 08:51:42',NULL,NULL,0,0),(75,77,4,2,4,15,'2013-09-27 08:51:42','2013-09-27 08:51:42',NULL,NULL,0,0),(76,78,4,5,4,15,'2013-09-27 08:51:43','2013-09-27 08:51:43',NULL,NULL,0,0),(77,79,4,2,4,15,'2013-09-27 08:51:43','2013-09-27 08:51:43',NULL,NULL,0,0),(78,80,4,2,4,15,'2013-09-27 08:51:43','2013-09-27 08:51:43',NULL,NULL,0,0),(79,81,4,2,3,14,'2013-09-27 08:52:14','2013-09-27 08:52:14',NULL,NULL,NULL,NULL),(80,82,4,1,4,14,'2013-09-27 08:52:14','2013-09-27 08:52:14',NULL,NULL,NULL,NULL),(81,83,4,1,4,15,'2013-09-27 08:52:14','2013-09-27 08:57:01',NULL,NULL,NULL,NULL),(82,84,4,8,3,13,'2013-09-27 08:52:14','2013-09-27 08:59:23',NULL,NULL,NULL,NULL),(83,85,4,3,8,13,'2013-09-27 08:52:15','2013-09-27 09:07:10',NULL,NULL,NULL,NULL),(84,86,4,2,3,14,'2013-09-27 09:14:46','2013-09-27 09:14:46',NULL,NULL,0,0),(85,87,4,1,4,14,'2013-09-27 09:14:46','2013-09-27 09:14:46',NULL,NULL,0,0),(86,88,4,1,4,15,'2013-09-27 09:14:46','2013-09-27 09:14:46',NULL,NULL,0,0),(87,89,4,8,3,13,'2013-09-27 09:14:46','2013-09-27 09:14:46',NULL,NULL,0,0),(88,90,4,3,8,13,'2013-09-27 09:14:46','2013-09-27 09:14:46',NULL,NULL,0,0),(89,91,4,2,3,14,'2013-09-27 09:15:13','2013-09-27 09:15:13',NULL,NULL,0,0),(90,92,4,1,4,14,'2013-09-27 09:15:13','2013-09-27 09:15:13',NULL,NULL,0,0),(91,93,4,1,4,15,'2013-09-27 09:15:14','2013-09-27 09:15:14',NULL,NULL,0,0),(92,94,4,8,3,13,'2013-09-27 09:15:14','2013-09-27 09:15:14',NULL,NULL,0,0),(93,95,4,3,8,13,'2013-09-27 09:15:14','2013-09-27 09:15:14',NULL,NULL,0,0);
/*!40000 ALTER TABLE `gameboards` ENABLE KEYS */;
UNLOCK TABLES;

--
-- Table structure for table `games`
--

DROP TABLE IF EXISTS `games`;
/*!40101 SET @saved_cs_client     = @@character_set_client */;
/*!40101 SET character_set_client = utf8 */;
CREATE TABLE `games` (
  `id` int(11) NOT NULL AUTO_INCREMENT,
  `player1_id` int(11) DEFAULT NULL,
  `player2_id` int(11) DEFAULT NULL,
  `player1_start_mood` int(11) DEFAULT NULL,
  `player1_end_mood` int(11) DEFAULT NULL,
  `player2_start_mood` int(11) DEFAULT NULL,
  `player2_end_mood` int(11) DEFAULT NULL,
  `player1_player2_start_trust` int(11) DEFAULT NULL,
  `player1_player2_end_trust` int(11) DEFAULT NULL,
  `player2_player1_start_trust` int(11) DEFAULT NULL,
  `player2_player1_end_trust` int(11) DEFAULT NULL,
  `created_at` datetime NOT NULL,
  `updated_at` datetime NOT NULL,
  `game_status` tinyint(1) DEFAULT NULL,
  `number_of_rounds` int(11) DEFAULT NULL,
  `round_generate_status` tinyint(1) DEFAULT NULL,
  PRIMARY KEY (`id`)
) ENGINE=InnoDB AUTO_INCREMENT=52 DEFAULT CHARSET=utf8;
/*!40101 SET character_set_client = @saved_cs_client */;

--
-- Dumping data for table `games`
--

LOCK TABLES `games` WRITE;
/*!40000 ALTER TABLE `games` DISABLE KEYS */;
INSERT INTO `games` VALUES (1,1,2,3,NULL,2,NULL,NULL,NULL,NULL,NULL,'2013-08-06 19:10:39','2013-09-27 18:02:23',1,5,1),(2,2,1,NULL,NULL,3,NULL,NULL,NULL,NULL,NULL,'2013-08-07 02:41:12','2013-09-27 04:17:38',0,5,1),(3,1,3,NULL,NULL,NULL,NULL,NULL,NULL,NULL,NULL,'2013-08-29 17:35:17','2013-09-10 16:54:14',0,3,1),(4,1,4,NULL,NULL,NULL,NULL,NULL,NULL,NULL,NULL,'2013-08-29 17:35:47','2013-09-10 16:54:16',0,3,1),(5,1,5,NULL,NULL,NULL,NULL,NULL,NULL,NULL,NULL,'2013-08-29 17:39:35','2013-09-10 16:54:19',0,3,1),(6,1,6,NULL,NULL,NULL,NULL,NULL,NULL,NULL,NULL,'2013-08-29 17:39:53','2013-09-10 16:54:22',0,3,1),(7,7,10,NULL,NULL,NULL,NULL,NULL,NULL,NULL,NULL,'2013-09-26 17:15:37','2013-09-27 05:50:39',0,5,1),(8,8,11,NULL,NULL,NULL,NULL,NULL,NULL,NULL,NULL,'2013-09-26 17:15:54','2013-09-27 08:11:27',0,5,1),(9,9,12,NULL,NULL,NULL,NULL,NULL,NULL,NULL,NULL,'2013-09-26 17:15:54','2013-09-27 08:17:15',0,5,1),(10,7,11,NULL,NULL,NULL,NULL,NULL,NULL,NULL,NULL,'2013-09-26 17:15:54','2013-09-27 08:19:55',0,5,1),(11,8,12,NULL,NULL,NULL,NULL,NULL,NULL,NULL,NULL,'2013-09-26 17:15:54','2013-09-27 08:50:25',0,5,1),(12,9,10,NULL,NULL,NULL,NULL,NULL,NULL,NULL,NULL,'2013-09-26 17:15:54','2013-09-27 08:51:43',0,5,1),(13,7,12,NULL,NULL,NULL,NULL,NULL,NULL,NULL,NULL,'2013-09-26 17:15:54','2013-09-27 08:52:15',0,5,1),(14,8,10,NULL,NULL,NULL,NULL,NULL,NULL,NULL,NULL,'2013-09-26 17:15:54','2013-09-27 09:14:46',0,5,1),(15,9,11,NULL,NULL,NULL,NULL,NULL,NULL,NULL,NULL,'2013-09-26 17:15:54','2013-09-27 09:15:14',0,5,1),(16,13,16,NULL,NULL,NULL,NULL,NULL,NULL,NULL,NULL,'2013-09-26 17:15:54','2013-09-26 17:15:54',0,5,NULL),(17,14,17,NULL,NULL,NULL,NULL,NULL,NULL,NULL,NULL,'2013-09-26 17:15:54','2013-09-26 17:15:54',0,5,NULL),(18,15,18,NULL,NULL,NULL,NULL,NULL,NULL,NULL,NULL,'2013-09-26 17:15:54','2013-09-26 17:15:54',0,5,NULL),(19,13,17,NULL,NULL,NULL,NULL,NULL,NULL,NULL,NULL,'2013-09-26 17:15:54','2013-09-26 17:15:54',0,5,NULL),(20,14,18,NULL,NULL,NULL,NULL,NULL,NULL,NULL,NULL,'2013-09-26 17:15:54','2013-09-26 17:15:54',0,5,NULL),(21,15,16,NULL,NULL,NULL,NULL,NULL,NULL,NULL,NULL,'2013-09-26 17:15:54','2013-09-26 17:15:54',0,5,NULL),(22,13,18,NULL,NULL,NULL,NULL,NULL,NULL,NULL,NULL,'2013-09-26 17:15:54','2013-09-26 17:15:54',0,5,NULL),(23,14,16,NULL,NULL,NULL,NULL,NULL,NULL,NULL,NULL,'2013-09-26 17:15:54','2013-09-26 17:15:54',0,5,NULL),(24,15,17,NULL,NULL,NULL,NULL,NULL,NULL,NULL,NULL,'2013-09-26 17:15:54','2013-09-26 17:15:54',0,5,NULL),(25,19,22,NULL,NULL,NULL,NULL,NULL,NULL,NULL,NULL,'2013-09-26 17:15:54','2013-09-26 17:15:54',0,5,NULL),(26,20,23,NULL,NULL,NULL,NULL,NULL,NULL,NULL,NULL,'2013-09-26 17:15:54','2013-09-26 17:15:54',0,5,NULL),(27,21,24,NULL,NULL,NULL,NULL,NULL,NULL,NULL,NULL,'2013-09-26 17:15:54','2013-09-26 17:15:54',0,5,NULL),(28,19,23,NULL,NULL,NULL,NULL,NULL,NULL,NULL,NULL,'2013-09-26 17:15:54','2013-09-26 17:15:54',0,5,NULL),(29,20,24,NULL,NULL,NULL,NULL,NULL,NULL,NULL,NULL,'2013-09-26 17:15:54','2013-09-26 17:15:54',0,5,NULL),(30,21,22,NULL,NULL,NULL,NULL,NULL,NULL,NULL,NULL,'2013-09-26 17:15:54','2013-09-26 17:15:54',0,5,NULL),(31,19,24,NULL,NULL,NULL,NULL,NULL,NULL,NULL,NULL,'2013-09-26 17:15:54','2013-09-26 17:15:54',0,5,NULL),(32,20,22,NULL,NULL,NULL,NULL,NULL,NULL,NULL,NULL,'2013-09-26 17:15:54','2013-09-26 17:15:54',0,5,NULL),(33,21,23,NULL,NULL,NULL,NULL,NULL,NULL,NULL,NULL,'2013-09-26 17:15:54','2013-09-26 17:15:54',0,5,NULL),(34,25,28,NULL,NULL,NULL,NULL,NULL,NULL,NULL,NULL,'2013-09-26 17:15:54','2013-09-26 17:15:54',0,5,NULL),(35,26,29,NULL,NULL,NULL,NULL,NULL,NULL,NULL,NULL,'2013-09-26 17:15:54','2013-09-26 17:15:54',0,5,NULL),(36,27,30,NULL,NULL,NULL,NULL,NULL,NULL,NULL,NULL,'2013-09-26 17:15:54','2013-09-26 17:15:54',0,5,NULL),(37,25,29,NULL,NULL,NULL,NULL,NULL,NULL,NULL,NULL,'2013-09-26 17:15:54','2013-09-26 17:15:54',0,5,NULL),(38,26,30,NULL,NULL,NULL,NULL,NULL,NULL,NULL,NULL,'2013-09-26 17:15:54','2013-09-26 17:15:54',0,5,NULL),(39,27,28,NULL,NULL,NULL,NULL,NULL,NULL,NULL,NULL,'2013-09-26 17:15:54','2013-09-26 17:15:54',0,5,NULL),(40,25,30,NULL,NULL,NULL,NULL,NULL,NULL,NULL,NULL,'2013-09-26 17:15:54','2013-09-26 17:15:54',0,5,NULL),(41,26,28,NULL,NULL,NULL,NULL,NULL,NULL,NULL,NULL,'2013-09-26 17:15:54','2013-09-26 17:15:54',0,5,NULL),(42,27,29,NULL,NULL,NULL,NULL,NULL,NULL,NULL,NULL,'2013-09-26 17:15:54','2013-09-26 17:15:54',0,5,NULL),(43,31,34,NULL,NULL,NULL,NULL,NULL,NULL,NULL,NULL,'2013-09-26 17:15:54','2013-09-26 17:15:54',0,5,NULL),(44,32,35,NULL,NULL,NULL,NULL,NULL,NULL,NULL,NULL,'2013-09-26 17:15:54','2013-09-26 17:15:54',0,5,NULL),(45,33,36,NULL,NULL,NULL,NULL,NULL,NULL,NULL,NULL,'2013-09-26 17:15:54','2013-09-26 17:15:54',0,5,NULL),(46,31,35,NULL,NULL,NULL,NULL,NULL,NULL,NULL,NULL,'2013-09-26 17:15:54','2013-09-26 17:15:54',0,5,NULL),(47,32,36,NULL,NULL,NULL,NULL,NULL,NULL,NULL,NULL,'2013-09-26 17:15:54','2013-09-26 17:15:54',0,5,NULL),(48,33,34,NULL,NULL,NULL,NULL,NULL,NULL,NULL,NULL,'2013-09-26 17:15:54','2013-09-26 17:15:54',0,5,NULL),(49,31,36,NULL,NULL,NULL,NULL,NULL,NULL,NULL,NULL,'2013-09-26 17:15:54','2013-09-26 17:15:54',0,5,NULL),(50,32,34,NULL,NULL,NULL,NULL,NULL,NULL,NULL,NULL,'2013-09-26 17:15:54','2013-09-26 17:15:54',0,5,NULL),(51,33,35,NULL,NULL,NULL,NULL,NULL,NULL,NULL,NULL,'2013-09-26 17:15:54','2013-09-26 17:15:54',0,5,NULL);
/*!40000 ALTER TABLE `games` ENABLE KEYS */;
UNLOCK TABLES;

--
-- Table structure for table `moods`
--

DROP TABLE IF EXISTS `moods`;
/*!40101 SET @saved_cs_client     = @@character_set_client */;
/*!40101 SET character_set_client = utf8 */;
CREATE TABLE `moods` (
  `id` int(11) NOT NULL AUTO_INCREMENT,
  `name` varchar(255) DEFAULT NULL,
  `created_at` datetime NOT NULL,
  `updated_at` datetime NOT NULL,
  PRIMARY KEY (`id`)
) ENGINE=InnoDB AUTO_INCREMENT=6 DEFAULT CHARSET=utf8;
/*!40101 SET character_set_client = @saved_cs_client */;

--
-- Dumping data for table `moods`
--

LOCK TABLES `moods` WRITE;
/*!40000 ALTER TABLE `moods` DISABLE KEYS */;
INSERT INTO `moods` VALUES (1,'Very Negative','2013-08-08 19:39:12','2013-09-20 20:11:11'),(2,'Negative','2013-08-08 19:39:46','2013-09-20 20:11:27'),(3,'Neutral','2013-08-08 19:40:06','2013-09-20 20:11:37'),(4,'Positive','2013-09-20 20:10:31','2013-09-20 20:11:48'),(5,'Very Positive','2013-09-20 20:10:41','2013-09-20 20:11:58');
/*!40000 ALTER TABLE `moods` ENABLE KEYS */;
UNLOCK TABLES;

--
-- Table structure for table `player_color_buckets`
--

DROP TABLE IF EXISTS `player_color_buckets`;
/*!40101 SET @saved_cs_client     = @@character_set_client */;
/*!40101 SET character_set_client = utf8 */;
CREATE TABLE `player_color_buckets` (
  `id` int(11) NOT NULL AUTO_INCREMENT,
  `game_round_id` int(11) DEFAULT NULL,
  `player_id` int(11) DEFAULT NULL,
  `color_pallet_id` int(11) DEFAULT NULL,
  `created_at` datetime NOT NULL,
  `updated_at` datetime NOT NULL,
  `original_quantity` int(11) DEFAULT NULL,
  `available_quantity` int(11) DEFAULT NULL,
  PRIMARY KEY (`id`),
  KEY `FK_player_color_buckets_1` (`game_round_id`),
  CONSTRAINT `FK_player_color_buckets_1` FOREIGN KEY (`game_round_id`) REFERENCES `game_rounds` (`id`) ON DELETE CASCADE ON UPDATE CASCADE
) ENGINE=InnoDB AUTO_INCREMENT=701 DEFAULT CHARSET=utf8;
/*!40101 SET character_set_client = @saved_cs_client */;

--
-- Dumping data for table `player_color_buckets`
--

LOCK TABLES `player_color_buckets` WRITE;
/*!40000 ALTER TABLE `player_color_buckets` DISABLE KEYS */;
INSERT INTO `player_color_buckets` VALUES (1,5,1,1,'2013-08-22 20:24:23','2013-09-20 19:00:18',2,2),(2,5,1,2,'2013-08-22 20:24:43','2013-09-20 19:01:29',2,2),(3,5,1,3,'2013-08-22 20:24:57','2013-09-05 21:23:17',0,0),(4,5,1,4,'2013-08-22 20:25:29','2013-09-20 18:58:19',1,1),(5,5,1,5,'2013-08-22 20:25:48','2013-09-20 18:58:18',1,1),(6,5,2,1,'2013-08-22 20:26:09','2013-09-20 19:00:33',0,0),(7,5,2,2,'2013-08-22 20:26:29','2013-09-20 18:59:19',1,1),(8,5,2,3,'2013-08-22 20:27:52','2013-09-20 19:01:11',2,2),(9,5,2,4,'2013-08-22 20:28:10','2013-09-05 20:20:20',1,1),(10,5,2,5,'2013-08-22 20:28:24','2013-09-20 19:00:50',2,2),(11,6,1,1,'2013-08-22 20:28:24','2013-09-05 20:24:26',2,2),(12,6,1,2,'2013-08-22 20:28:24','2013-08-22 20:28:24',0,0),(13,6,1,3,'2013-08-22 20:28:24','2013-08-22 20:28:24',1,1),(14,6,1,4,'2013-08-22 20:28:24','2013-09-05 21:30:18',1,1),(15,6,1,5,'2013-08-22 20:28:24','2013-09-05 21:30:17',2,2),(16,6,2,1,'2013-08-22 20:28:24','2013-09-05 21:30:02',1,1),(17,6,2,2,'2013-08-22 20:28:24','2013-09-05 21:30:01',2,2),(18,6,2,3,'2013-08-22 20:28:24','2013-09-05 21:29:59',1,1),(19,6,2,4,'2013-08-22 20:28:24','2013-09-05 21:30:04',2,2),(20,6,2,5,'2013-08-22 20:28:24','2013-08-22 20:28:24',0,0),(21,7,1,1,'2013-08-22 20:28:24','2013-09-05 21:33:23',1,1),(22,7,1,2,'2013-08-22 20:28:24','2013-09-05 21:33:16',1,1),(23,7,1,3,'2013-08-22 20:28:24','2013-09-05 20:27:31',2,2),(24,7,1,4,'2013-08-22 20:28:24','2013-09-05 21:33:17',1,1),(25,7,1,5,'2013-08-22 20:28:24','2013-09-05 21:33:18',1,1),(26,7,2,1,'2013-08-22 20:28:24','2013-09-05 21:32:58',2,2),(27,7,2,2,'2013-08-22 20:28:24','2013-09-05 20:27:17',1,1),(28,7,2,3,'2013-08-22 20:28:24','2013-09-05 21:32:52',1,1),(29,7,2,4,'2013-08-22 20:28:24','2013-09-05 20:27:19',1,1),(30,7,2,5,'2013-08-22 20:28:24','2013-09-05 21:32:57',1,1),(31,8,1,1,'2013-08-22 20:28:24','2013-09-05 21:36:07',0,0),(32,8,1,2,'2013-08-22 20:28:24','2013-09-05 21:36:28',2,2),(33,8,1,3,'2013-08-22 20:28:24','2013-09-05 21:36:34',1,1),(34,8,1,4,'2013-08-22 20:28:24','2013-09-05 21:36:31',1,1),(35,8,1,5,'2013-08-22 20:28:24','2013-09-05 21:36:30',2,2),(36,8,2,1,'2013-08-22 20:28:24','2013-09-05 21:36:25',2,2),(37,8,2,2,'2013-08-22 20:28:24','2013-09-05 21:36:22',1,1),(38,8,2,3,'2013-08-22 20:28:24','2013-09-05 21:36:24',1,1),(39,8,2,4,'2013-08-22 20:28:24','2013-09-05 21:36:27',1,1),(40,8,2,5,'2013-08-22 20:28:24','2013-09-05 21:36:28',2,2),(41,9,1,1,'2013-08-22 20:28:24','2013-09-05 21:39:59',2,2),(42,9,1,2,'2013-08-22 20:28:24','2013-09-05 21:39:59',1,1),(43,9,1,3,'2013-08-22 20:28:24','2013-09-05 21:39:54',1,1),(44,9,1,4,'2013-08-22 20:28:24','2013-09-05 21:39:56',1,1),(45,9,1,5,'2013-08-22 20:28:24','2013-09-05 21:39:57',2,2),(46,9,2,1,'2013-08-22 20:28:24','2013-09-05 21:39:46',1,1),(47,9,2,2,'2013-08-22 20:28:24','2013-09-05 21:39:55',1,1),(48,9,2,3,'2013-08-22 20:28:24','2013-09-05 21:39:48',2,2),(49,9,2,4,'2013-08-22 20:28:24','2013-09-05 21:04:31',2,2),(50,9,2,5,'2013-08-22 20:28:24','2013-09-05 21:04:33',1,1),(51,27,7,1,'2013-09-27 05:50:38','2013-09-27 05:50:38',1,1),(52,27,10,1,'2013-09-27 05:50:38','2013-09-27 05:50:38',1,1),(53,27,7,2,'2013-09-27 05:50:38','2013-09-27 05:50:38',1,1),(54,27,10,2,'2013-09-27 05:50:38','2013-09-27 05:50:38',1,1),(55,27,7,3,'2013-09-27 05:50:38','2013-09-27 05:50:38',1,1),(56,27,10,3,'2013-09-27 05:50:38','2013-09-27 05:50:38',2,2),(57,27,7,4,'2013-09-27 05:50:38','2013-09-27 05:50:38',2,2),(58,27,10,4,'2013-09-27 05:50:38','2013-09-27 05:50:38',1,1),(59,27,7,5,'2013-09-27 05:50:38','2013-09-27 05:50:38',1,1),(60,27,10,5,'2013-09-27 05:50:38','2013-09-27 05:50:38',1,1),(61,28,7,1,'2013-09-27 05:50:38','2013-09-27 05:50:38',1,1),(62,28,10,1,'2013-09-27 05:50:38','2013-09-27 05:50:38',1,1),(63,28,7,2,'2013-09-27 05:50:38','2013-09-27 05:50:38',2,2),(64,28,10,2,'2013-09-27 05:50:38','2013-09-27 05:50:38',1,1),(65,28,7,3,'2013-09-27 05:50:38','2013-09-27 05:50:38',1,1),(66,28,10,3,'2013-09-27 05:50:38','2013-09-27 05:50:38',2,2),(67,28,7,4,'2013-09-27 05:50:38','2013-09-27 05:50:38',2,2),(68,28,10,4,'2013-09-27 05:50:38','2013-09-27 05:50:38',2,2),(69,28,7,5,'2013-09-27 05:50:38','2013-09-27 05:50:38',1,1),(70,28,10,5,'2013-09-27 05:50:38','2013-09-27 05:50:38',1,1),(71,29,7,1,'2013-09-27 05:50:38','2013-09-27 05:50:38',1,1),(72,29,10,1,'2013-09-27 05:50:38','2013-09-27 05:50:38',2,2),(73,29,7,2,'2013-09-27 05:50:38','2013-09-27 05:50:38',1,1),(74,29,10,2,'2013-09-27 05:50:38','2013-09-27 05:50:38',1,1),(75,29,7,3,'2013-09-27 05:50:38','2013-09-27 05:50:38',1,1),(76,29,10,3,'2013-09-27 05:50:38','2013-09-27 05:50:38',1,1),(77,29,7,4,'2013-09-27 05:50:38','2013-09-27 05:50:38',1,1),(78,29,10,4,'2013-09-27 05:50:38','2013-09-27 05:50:38',1,1),(79,29,7,5,'2013-09-27 05:50:38','2013-09-27 05:50:38',2,2),(80,29,10,5,'2013-09-27 05:50:38','2013-09-27 05:50:38',1,1),(81,30,7,1,'2013-09-27 05:50:39','2013-09-27 05:50:39',1,1),(82,30,10,1,'2013-09-27 05:50:39','2013-09-27 05:50:39',1,1),(83,30,7,2,'2013-09-27 05:50:39','2013-09-27 05:50:39',2,2),(84,30,10,2,'2013-09-27 05:50:39','2013-09-27 05:50:39',1,1),(85,30,7,3,'2013-09-27 05:50:39','2013-09-27 05:50:39',1,1),(86,30,10,3,'2013-09-27 05:50:39','2013-09-27 05:50:39',1,1),(87,30,7,4,'2013-09-27 05:50:39','2013-09-27 05:50:39',1,1),(88,30,10,4,'2013-09-27 05:50:39','2013-09-27 05:50:39',2,2),(89,30,7,5,'2013-09-27 05:50:39','2013-09-27 05:50:39',1,1),(90,30,10,5,'2013-09-27 05:50:39','2013-09-27 05:50:39',1,1),(91,31,7,1,'2013-09-27 05:50:39','2013-09-27 05:50:39',2,2),(92,31,10,1,'2013-09-27 05:50:39','2013-09-27 05:50:39',1,1),(93,31,7,2,'2013-09-27 05:50:39','2013-09-27 05:50:39',2,2),(94,31,10,2,'2013-09-27 05:50:39','2013-09-27 05:50:39',1,1),(95,31,7,3,'2013-09-27 05:50:39','2013-09-27 05:50:39',1,1),(96,31,10,3,'2013-09-27 05:50:39','2013-09-27 05:50:39',1,1),(97,31,7,4,'2013-09-27 05:50:39','2013-09-27 05:50:39',1,1),(98,31,10,4,'2013-09-27 05:50:39','2013-09-27 05:50:39',2,2),(99,31,7,5,'2013-09-27 05:50:39','2013-09-27 05:50:39',1,1),(100,31,10,5,'2013-09-27 05:50:39','2013-09-27 05:50:39',2,2),(301,56,8,1,'2013-09-27 08:11:26','2013-09-27 08:11:26',1,1),(302,56,11,1,'2013-09-27 08:11:26','2013-09-27 08:11:26',1,1),(303,56,8,2,'2013-09-27 08:11:26','2013-09-27 08:11:26',1,1),(304,56,11,2,'2013-09-27 08:11:26','2013-09-27 08:11:26',1,1),(305,56,8,3,'2013-09-27 08:11:26','2013-09-27 08:11:26',1,1),(306,56,11,3,'2013-09-27 08:11:26','2013-09-27 08:11:26',2,2),(307,56,8,4,'2013-09-27 08:11:26','2013-09-27 08:11:26',2,2),(308,56,11,4,'2013-09-27 08:11:26','2013-09-27 08:11:26',1,1),(309,56,8,5,'2013-09-27 08:11:26','2013-09-27 08:11:26',1,1),(310,56,11,5,'2013-09-27 08:11:26','2013-09-27 08:11:26',1,1),(311,57,8,1,'2013-09-27 08:11:27','2013-09-27 08:11:27',1,1),(312,57,11,1,'2013-09-27 08:11:27','2013-09-27 08:11:27',1,1),(313,57,8,2,'2013-09-27 08:11:27','2013-09-27 08:11:27',2,2),(314,57,11,2,'2013-09-27 08:11:27','2013-09-27 08:11:27',1,1),(315,57,8,3,'2013-09-27 08:11:27','2013-09-27 08:11:27',1,1),(316,57,11,3,'2013-09-27 08:11:27','2013-09-27 08:11:27',2,2),(317,57,8,4,'2013-09-27 08:11:27','2013-09-27 08:11:27',2,2),(318,57,11,4,'2013-09-27 08:11:27','2013-09-27 08:11:27',2,2),(319,57,8,5,'2013-09-27 08:11:27','2013-09-27 08:11:27',1,1),(320,57,11,5,'2013-09-27 08:11:27','2013-09-27 08:11:27',1,1),(321,58,8,1,'2013-09-27 08:11:27','2013-09-27 08:11:27',1,1),(322,58,11,1,'2013-09-27 08:11:27','2013-09-27 08:11:27',2,2),(323,58,8,2,'2013-09-27 08:11:27','2013-09-27 08:11:27',1,1),(324,58,11,2,'2013-09-27 08:11:27','2013-09-27 08:11:27',1,1),(325,58,8,3,'2013-09-27 08:11:27','2013-09-27 08:11:27',1,1),(326,58,11,3,'2013-09-27 08:11:27','2013-09-27 08:11:27',1,1),(327,58,8,4,'2013-09-27 08:11:27','2013-09-27 08:11:27',1,1),(328,58,11,4,'2013-09-27 08:11:27','2013-09-27 08:11:27',1,1),(329,58,8,5,'2013-09-27 08:11:27','2013-09-27 08:11:27',2,2),(330,58,11,5,'2013-09-27 08:11:27','2013-09-27 08:11:27',1,1),(331,59,8,1,'2013-09-27 08:11:27','2013-09-27 08:11:27',1,1),(332,59,11,1,'2013-09-27 08:11:27','2013-09-27 08:11:27',1,1),(333,59,8,2,'2013-09-27 08:11:27','2013-09-27 08:11:27',2,2),(334,59,11,2,'2013-09-27 08:11:27','2013-09-27 08:11:27',1,1),(335,59,8,3,'2013-09-27 08:11:27','2013-09-27 08:11:27',1,1),(336,59,11,3,'2013-09-27 08:11:27','2013-09-27 08:11:27',1,1),(337,59,8,4,'2013-09-27 08:11:27','2013-09-27 08:11:27',1,1),(338,59,11,4,'2013-09-27 08:11:27','2013-09-27 08:11:27',2,2),(339,59,8,5,'2013-09-27 08:11:27','2013-09-27 08:11:27',1,1),(340,59,11,5,'2013-09-27 08:11:27','2013-09-27 08:11:27',1,1),(341,60,8,1,'2013-09-27 08:11:27','2013-09-27 08:11:27',2,2),(342,60,11,1,'2013-09-27 08:11:27','2013-09-27 08:11:27',1,1),(343,60,8,2,'2013-09-27 08:11:27','2013-09-27 08:11:27',2,2),(344,60,11,2,'2013-09-27 08:11:27','2013-09-27 08:11:27',1,1),(345,60,8,3,'2013-09-27 08:11:27','2013-09-27 08:11:27',1,1),(346,60,11,3,'2013-09-27 08:11:27','2013-09-27 08:11:27',1,1),(347,60,8,4,'2013-09-27 08:11:27','2013-09-27 08:11:27',1,1),(348,60,11,4,'2013-09-27 08:11:27','2013-09-27 08:11:27',2,2),(349,60,8,5,'2013-09-27 08:11:27','2013-09-27 08:11:27',1,1),(350,60,11,5,'2013-09-27 08:11:27','2013-09-27 08:11:27',2,2),(351,61,9,1,'2013-09-27 08:17:14','2013-09-27 08:17:14',1,1),(352,61,12,1,'2013-09-27 08:17:14','2013-09-27 08:17:14',1,1),(353,61,9,2,'2013-09-27 08:17:14','2013-09-27 08:17:14',1,1),(354,61,12,2,'2013-09-27 08:17:14','2013-09-27 08:17:14',1,1),(355,61,9,3,'2013-09-27 08:17:14','2013-09-27 08:17:14',1,1),(356,61,12,3,'2013-09-27 08:17:14','2013-09-27 08:17:14',2,2),(357,61,9,4,'2013-09-27 08:17:14','2013-09-27 08:17:14',2,2),(358,61,12,4,'2013-09-27 08:17:14','2013-09-27 08:17:14',1,1),(359,61,9,5,'2013-09-27 08:17:15','2013-09-27 08:17:15',1,1),(360,61,12,5,'2013-09-27 08:17:15','2013-09-27 08:17:15',1,1),(361,62,9,1,'2013-09-27 08:17:15','2013-09-27 08:17:15',1,1),(362,62,12,1,'2013-09-27 08:17:15','2013-09-27 08:17:15',1,1),(363,62,9,2,'2013-09-27 08:17:15','2013-09-27 08:17:15',2,2),(364,62,12,2,'2013-09-27 08:17:15','2013-09-27 08:17:15',1,1),(365,62,9,3,'2013-09-27 08:17:15','2013-09-27 08:17:15',1,1),(366,62,12,3,'2013-09-27 08:17:15','2013-09-27 08:17:15',2,2),(367,62,9,4,'2013-09-27 08:17:15','2013-09-27 08:17:15',2,2),(368,62,12,4,'2013-09-27 08:17:15','2013-09-27 08:17:15',2,2),(369,62,9,5,'2013-09-27 08:17:15','2013-09-27 08:17:15',1,1),(370,62,12,5,'2013-09-27 08:17:15','2013-09-27 08:17:15',1,1),(371,63,9,1,'2013-09-27 08:17:15','2013-09-27 08:17:15',1,1),(372,63,12,1,'2013-09-27 08:17:15','2013-09-27 08:17:15',2,2),(373,63,9,2,'2013-09-27 08:17:15','2013-09-27 08:17:15',1,1),(374,63,12,2,'2013-09-27 08:17:15','2013-09-27 08:17:15',1,1),(375,63,9,3,'2013-09-27 08:17:15','2013-09-27 08:17:15',1,1),(376,63,12,3,'2013-09-27 08:17:15','2013-09-27 08:17:15',1,1),(377,63,9,4,'2013-09-27 08:17:15','2013-09-27 08:17:15',1,1),(378,63,12,4,'2013-09-27 08:17:15','2013-09-27 08:17:15',1,1),(379,63,9,5,'2013-09-27 08:17:15','2013-09-27 08:17:15',2,2),(380,63,12,5,'2013-09-27 08:17:15','2013-09-27 08:17:15',1,1),(381,64,9,1,'2013-09-27 08:17:15','2013-09-27 08:17:15',1,1),(382,64,12,1,'2013-09-27 08:17:15','2013-09-27 08:17:15',1,1),(383,64,9,2,'2013-09-27 08:17:15','2013-09-27 08:17:15',2,2),(384,64,12,2,'2013-09-27 08:17:15','2013-09-27 08:17:15',1,1),(385,64,9,3,'2013-09-27 08:17:15','2013-09-27 08:17:15',1,1),(386,64,12,3,'2013-09-27 08:17:15','2013-09-27 08:17:15',1,1),(387,64,9,4,'2013-09-27 08:17:15','2013-09-27 08:17:15',1,1),(388,64,12,4,'2013-09-27 08:17:15','2013-09-27 08:17:15',2,2),(389,64,9,5,'2013-09-27 08:17:15','2013-09-27 08:17:15',1,1),(390,64,12,5,'2013-09-27 08:17:15','2013-09-27 08:17:15',1,1),(391,65,9,1,'2013-09-27 08:17:15','2013-09-27 08:17:15',2,2),(392,65,12,1,'2013-09-27 08:17:15','2013-09-27 08:17:15',1,1),(393,65,9,2,'2013-09-27 08:17:15','2013-09-27 08:17:15',2,2),(394,65,12,2,'2013-09-27 08:17:15','2013-09-27 08:17:15',1,1),(395,65,9,3,'2013-09-27 08:17:15','2013-09-27 08:17:15',1,1),(396,65,12,3,'2013-09-27 08:17:15','2013-09-27 08:17:15',1,1),(397,65,9,4,'2013-09-27 08:17:15','2013-09-27 08:17:15',1,1),(398,65,12,4,'2013-09-27 08:17:15','2013-09-27 08:17:15',2,2),(399,65,9,5,'2013-09-27 08:17:15','2013-09-27 08:17:15',1,1),(400,65,12,5,'2013-09-27 08:17:15','2013-09-27 08:17:15',2,2),(401,66,7,1,'2013-09-27 08:19:54','2013-09-27 08:19:54',1,1),(402,66,11,1,'2013-09-27 08:19:54','2013-09-27 08:19:54',1,1),(403,66,7,2,'2013-09-27 08:19:54','2013-09-27 08:19:54',1,1),(404,66,11,2,'2013-09-27 08:19:54','2013-09-27 08:19:54',1,1),(405,66,7,3,'2013-09-27 08:19:54','2013-09-27 08:19:54',1,1),(406,66,11,3,'2013-09-27 08:19:55','2013-09-27 08:19:55',2,2),(407,66,7,4,'2013-09-27 08:19:55','2013-09-27 08:19:55',2,2),(408,66,11,4,'2013-09-27 08:19:55','2013-09-27 08:19:55',1,1),(409,66,7,5,'2013-09-27 08:19:55','2013-09-27 08:19:55',1,1),(410,66,11,5,'2013-09-27 08:19:55','2013-09-27 08:19:55',1,1),(411,67,7,1,'2013-09-27 08:19:55','2013-09-27 08:19:55',1,1),(412,67,11,1,'2013-09-27 08:19:55','2013-09-27 08:19:55',1,1),(413,67,7,2,'2013-09-27 08:19:55','2013-09-27 08:19:55',1,1),(414,67,11,2,'2013-09-27 08:19:55','2013-09-27 08:19:55',1,1),(415,67,7,3,'2013-09-27 08:19:55','2013-09-27 08:19:55',1,1),(416,67,11,3,'2013-09-27 08:19:55','2013-09-27 08:19:55',1,1),(417,67,7,4,'2013-09-27 08:19:55','2013-09-27 08:19:55',1,1),(418,67,11,4,'2013-09-27 08:19:55','2013-09-27 08:19:55',1,1),(419,67,7,5,'2013-09-27 08:19:55','2013-09-27 08:19:55',1,1),(420,67,11,5,'2013-09-27 08:19:55','2013-09-27 08:19:55',1,1),(421,68,7,1,'2013-09-27 08:19:55','2013-09-27 08:19:55',1,1),(422,68,11,1,'2013-09-27 08:19:55','2013-09-27 08:19:55',1,1),(423,68,7,2,'2013-09-27 08:19:55','2013-09-27 08:19:55',2,2),(424,68,11,2,'2013-09-27 08:19:55','2013-09-27 08:19:55',2,2),(425,68,7,3,'2013-09-27 08:19:55','2013-09-27 08:19:55',1,1),(426,68,11,3,'2013-09-27 08:19:55','2013-09-27 08:19:55',1,1),(427,68,7,4,'2013-09-27 08:19:55','2013-09-27 08:19:55',1,1),(428,68,11,4,'2013-09-27 08:19:55','2013-09-27 08:19:55',1,1),(429,68,7,5,'2013-09-27 08:19:55','2013-09-27 08:19:55',1,1),(430,68,11,5,'2013-09-27 08:19:55','2013-09-27 08:19:55',1,1),(431,69,7,1,'2013-09-27 08:19:55','2013-09-27 08:19:55',1,1),(432,69,11,1,'2013-09-27 08:19:55','2013-09-27 08:19:55',0,0),(433,69,7,2,'2013-09-27 08:19:55','2013-09-27 08:19:55',1,1),(434,69,11,2,'2013-09-27 08:19:55','2013-09-27 08:19:55',2,2),(435,69,7,3,'2013-09-27 08:19:55','2013-09-27 08:19:55',0,0),(436,69,11,3,'2013-09-27 08:19:55','2013-09-27 08:19:55',1,1),(437,69,7,4,'2013-09-27 08:19:55','2013-09-27 08:19:55',2,2),(438,69,11,4,'2013-09-27 08:19:55','2013-09-27 08:19:55',1,1),(439,69,7,5,'2013-09-27 08:19:55','2013-09-27 08:19:55',1,1),(440,69,11,5,'2013-09-27 08:19:55','2013-09-27 08:19:55',1,1),(441,70,7,1,'2013-09-27 08:19:55','2013-09-27 08:19:55',1,1),(442,70,11,1,'2013-09-27 08:19:55','2013-09-27 08:19:55',1,1),(443,70,7,2,'2013-09-27 08:19:55','2013-09-27 08:19:55',1,1),(444,70,11,2,'2013-09-27 08:19:55','2013-09-27 08:19:55',1,1),(445,70,7,3,'2013-09-27 08:19:55','2013-09-27 08:19:55',2,2),(446,70,11,3,'2013-09-27 08:19:55','2013-09-27 08:19:55',2,2),(447,70,7,4,'2013-09-27 08:19:55','2013-09-27 08:19:55',1,1),(448,70,11,4,'2013-09-27 08:19:55','2013-09-27 08:19:55',1,1),(449,70,7,5,'2013-09-27 08:19:55','2013-09-27 08:19:55',1,1),(450,70,11,5,'2013-09-27 08:19:55','2013-09-27 08:19:55',1,1),(451,71,8,1,'2013-09-27 08:50:24','2013-09-27 08:50:24',1,1),(452,71,12,1,'2013-09-27 08:50:24','2013-09-27 08:50:24',1,1),(453,71,8,2,'2013-09-27 08:50:24','2013-09-27 08:50:24',1,1),(454,71,12,2,'2013-09-27 08:50:24','2013-09-27 08:50:24',1,1),(455,71,8,3,'2013-09-27 08:50:24','2013-09-27 08:50:24',1,1),(456,71,12,3,'2013-09-27 08:50:24','2013-09-27 08:50:24',2,2),(457,71,8,4,'2013-09-27 08:50:24','2013-09-27 08:50:24',2,2),(458,71,12,4,'2013-09-27 08:50:24','2013-09-27 08:50:24',1,1),(459,71,8,5,'2013-09-27 08:50:24','2013-09-27 08:50:24',1,1),(460,71,12,5,'2013-09-27 08:50:24','2013-09-27 08:50:24',1,1),(461,72,8,1,'2013-09-27 08:50:24','2013-09-27 08:50:24',1,1),(462,72,12,1,'2013-09-27 08:50:24','2013-09-27 08:50:24',1,1),(463,72,8,2,'2013-09-27 08:50:24','2013-09-27 08:50:24',1,1),(464,72,12,2,'2013-09-27 08:50:24','2013-09-27 08:50:24',1,1),(465,72,8,3,'2013-09-27 08:50:24','2013-09-27 08:50:24',1,1),(466,72,12,3,'2013-09-27 08:50:24','2013-09-27 08:50:24',1,1),(467,72,8,4,'2013-09-27 08:50:24','2013-09-27 08:50:24',1,1),(468,72,12,4,'2013-09-27 08:50:24','2013-09-27 08:50:24',1,1),(469,72,8,5,'2013-09-27 08:50:24','2013-09-27 08:50:24',1,1),(470,72,12,5,'2013-09-27 08:50:24','2013-09-27 08:50:24',1,1),(471,73,8,1,'2013-09-27 08:50:24','2013-09-27 08:50:24',1,1),(472,73,12,1,'2013-09-27 08:50:24','2013-09-27 08:50:24',1,1),(473,73,8,2,'2013-09-27 08:50:24','2013-09-27 08:50:24',2,2),(474,73,12,2,'2013-09-27 08:50:24','2013-09-27 08:50:24',2,2),(475,73,8,3,'2013-09-27 08:50:24','2013-09-27 08:50:24',1,1),(476,73,12,3,'2013-09-27 08:50:24','2013-09-27 08:50:24',1,1),(477,73,8,4,'2013-09-27 08:50:24','2013-09-27 08:50:24',1,1),(478,73,12,4,'2013-09-27 08:50:24','2013-09-27 08:50:24',1,1),(479,73,8,5,'2013-09-27 08:50:24','2013-09-27 08:50:24',1,1),(480,73,12,5,'2013-09-27 08:50:24','2013-09-27 08:50:24',1,1),(481,74,8,1,'2013-09-27 08:50:24','2013-09-27 08:50:24',1,1),(482,74,12,1,'2013-09-27 08:50:24','2013-09-27 08:50:24',0,0),(483,74,8,2,'2013-09-27 08:50:24','2013-09-27 08:50:24',1,1),(484,74,12,2,'2013-09-27 08:50:24','2013-09-27 08:50:24',2,2),(485,74,8,3,'2013-09-27 08:50:24','2013-09-27 08:50:24',0,0),(486,74,12,3,'2013-09-27 08:50:24','2013-09-27 08:50:24',1,1),(487,74,8,4,'2013-09-27 08:50:24','2013-09-27 08:50:24',2,2),(488,74,12,4,'2013-09-27 08:50:24','2013-09-27 08:50:24',1,1),(489,74,8,5,'2013-09-27 08:50:24','2013-09-27 08:50:24',1,1),(490,74,12,5,'2013-09-27 08:50:24','2013-09-27 08:50:24',1,1),(491,75,8,1,'2013-09-27 08:50:25','2013-09-27 08:50:25',1,1),(492,75,12,1,'2013-09-27 08:50:25','2013-09-27 08:50:25',1,1),(493,75,8,2,'2013-09-27 08:50:25','2013-09-27 08:50:25',1,1),(494,75,12,2,'2013-09-27 08:50:25','2013-09-27 08:50:25',1,1),(495,75,8,3,'2013-09-27 08:50:25','2013-09-27 08:50:25',2,2),(496,75,12,3,'2013-09-27 08:50:25','2013-09-27 08:50:25',2,2),(497,75,8,4,'2013-09-27 08:50:25','2013-09-27 08:50:25',1,1),(498,75,12,4,'2013-09-27 08:50:25','2013-09-27 08:50:25',1,1),(499,75,8,5,'2013-09-27 08:50:25','2013-09-27 08:50:25',1,1),(500,75,12,5,'2013-09-27 08:50:25','2013-09-27 08:50:25',1,1),(501,76,9,1,'2013-09-27 08:51:42','2013-09-27 08:51:42',1,1),(502,76,10,1,'2013-09-27 08:51:42','2013-09-27 08:51:42',1,1),(503,76,9,2,'2013-09-27 08:51:42','2013-09-27 08:51:42',1,1),(504,76,10,2,'2013-09-27 08:51:42','2013-09-27 08:51:42',1,1),(505,76,9,3,'2013-09-27 08:51:42','2013-09-27 08:51:42',1,1),(506,76,10,3,'2013-09-27 08:51:42','2013-09-27 08:51:42',2,2),(507,76,9,4,'2013-09-27 08:51:42','2013-09-27 08:51:42',2,2),(508,76,10,4,'2013-09-27 08:51:42','2013-09-27 08:51:42',1,1),(509,76,9,5,'2013-09-27 08:51:42','2013-09-27 08:51:42',1,1),(510,76,10,5,'2013-09-27 08:51:42','2013-09-27 08:51:42',1,1),(511,77,9,1,'2013-09-27 08:51:43','2013-09-27 08:51:43',1,1),(512,77,10,1,'2013-09-27 08:51:43','2013-09-27 08:51:43',1,1),(513,77,9,2,'2013-09-27 08:51:43','2013-09-27 08:51:43',1,1),(514,77,10,2,'2013-09-27 08:51:43','2013-09-27 08:51:43',1,1),(515,77,9,3,'2013-09-27 08:51:43','2013-09-27 08:51:43',1,1),(516,77,10,3,'2013-09-27 08:51:43','2013-09-27 08:51:43',1,1),(517,77,9,4,'2013-09-27 08:51:43','2013-09-27 08:51:43',1,1),(518,77,10,4,'2013-09-27 08:51:43','2013-09-27 08:51:43',1,1),(519,77,9,5,'2013-09-27 08:51:43','2013-09-27 08:51:43',1,1),(520,77,10,5,'2013-09-27 08:51:43','2013-09-27 08:51:43',1,1),(521,78,9,1,'2013-09-27 08:51:43','2013-09-27 08:51:43',1,1),(522,78,10,1,'2013-09-27 08:51:43','2013-09-27 08:51:43',1,1),(523,78,9,2,'2013-09-27 08:51:43','2013-09-27 08:51:43',2,2),(524,78,10,2,'2013-09-27 08:51:43','2013-09-27 08:51:43',2,2),(525,78,9,3,'2013-09-27 08:51:43','2013-09-27 08:51:43',1,1),(526,78,10,3,'2013-09-27 08:51:43','2013-09-27 08:51:43',1,1),(527,78,9,4,'2013-09-27 08:51:43','2013-09-27 08:51:43',1,1),(528,78,10,4,'2013-09-27 08:51:43','2013-09-27 08:51:43',1,1),(529,78,9,5,'2013-09-27 08:51:43','2013-09-27 08:51:43',1,1),(530,78,10,5,'2013-09-27 08:51:43','2013-09-27 08:51:43',1,1),(531,79,9,1,'2013-09-27 08:51:43','2013-09-27 08:51:43',1,1),(532,79,10,1,'2013-09-27 08:51:43','2013-09-27 08:51:43',0,0),(533,79,9,2,'2013-09-27 08:51:43','2013-09-27 08:51:43',1,1),(534,79,10,2,'2013-09-27 08:51:43','2013-09-27 08:51:43',2,2),(535,79,9,3,'2013-09-27 08:51:43','2013-09-27 08:51:43',0,0),(536,79,10,3,'2013-09-27 08:51:43','2013-09-27 08:51:43',1,1),(537,79,9,4,'2013-09-27 08:51:43','2013-09-27 08:51:43',2,2),(538,79,10,4,'2013-09-27 08:51:43','2013-09-27 08:51:43',1,1),(539,79,9,5,'2013-09-27 08:51:43','2013-09-27 08:51:43',1,1),(540,79,10,5,'2013-09-27 08:51:43','2013-09-27 08:51:43',1,1),(541,80,9,1,'2013-09-27 08:51:43','2013-09-27 08:51:43',1,1),(542,80,10,1,'2013-09-27 08:51:43','2013-09-27 08:51:43',1,1),(543,80,9,2,'2013-09-27 08:51:43','2013-09-27 08:51:43',1,1),(544,80,10,2,'2013-09-27 08:51:43','2013-09-27 08:51:43',1,1),(545,80,9,3,'2013-09-27 08:51:43','2013-09-27 08:51:43',2,2),(546,80,10,3,'2013-09-27 08:51:43','2013-09-27 08:51:43',2,2),(547,80,9,4,'2013-09-27 08:51:43','2013-09-27 08:51:43',1,1),(548,80,10,4,'2013-09-27 08:51:43','2013-09-27 08:51:43',1,1),(549,80,9,5,'2013-09-27 08:51:43','2013-09-27 08:51:43',1,1),(550,80,10,5,'2013-09-27 08:51:43','2013-09-27 08:51:43',1,1),(551,81,7,1,'2013-09-27 08:52:14','2013-09-27 08:52:14',1,1),(552,81,12,1,'2013-09-27 08:52:14','2013-09-27 08:52:14',2,2),(553,81,7,2,'2013-09-27 08:52:14','2013-09-27 08:52:14',2,2),(554,81,12,2,'2013-09-27 08:52:14','2013-09-27 08:52:14',1,1),(555,81,7,3,'2013-09-27 08:52:14','2013-09-27 08:52:14',1,1),(556,81,12,3,'2013-09-27 08:52:14','2013-09-27 08:52:14',1,1),(557,81,7,4,'2013-09-27 08:52:14','2013-09-27 08:52:14',1,1),(558,81,12,4,'2013-09-27 08:52:14','2013-09-27 08:52:14',1,1),(559,81,7,5,'2013-09-27 08:52:14','2013-09-27 08:52:14',1,1),(560,81,12,5,'2013-09-27 08:52:14','2013-09-27 08:52:14',1,1),(561,82,7,1,'2013-09-27 08:52:14','2013-09-27 08:52:14',1,1),(562,82,12,1,'2013-09-27 08:52:14','2013-09-27 08:52:14',2,2),(563,82,7,2,'2013-09-27 08:52:14','2013-09-27 08:52:14',2,2),(564,82,12,2,'2013-09-27 08:52:14','2013-09-27 08:52:14',1,1),(565,82,7,3,'2013-09-27 08:52:14','2013-09-27 08:52:14',1,1),(566,82,12,3,'2013-09-27 08:52:14','2013-09-27 08:52:14',2,2),(567,82,7,4,'2013-09-27 08:52:14','2013-09-27 08:52:14',2,2),(568,82,12,4,'2013-09-27 08:52:14','2013-09-27 08:52:14',1,1),(569,82,7,5,'2013-09-27 08:52:14','2013-09-27 08:52:14',1,1),(570,82,12,5,'2013-09-27 08:52:14','2013-09-27 08:52:14',1,1),(571,83,7,1,'2013-09-27 08:52:14','2013-09-27 08:52:14',1,1),(572,83,12,1,'2013-09-27 08:52:14','2013-09-27 08:52:14',2,2),(573,83,7,2,'2013-09-27 08:52:14','2013-09-27 08:52:14',2,2),(574,83,12,2,'2013-09-27 08:52:14','2013-09-27 08:52:14',1,1),(575,83,7,3,'2013-09-27 08:52:14','2013-09-27 08:52:14',1,1),(576,83,12,3,'2013-09-27 08:52:14','2013-09-27 08:52:14',1,1),(577,83,7,4,'2013-09-27 08:52:14','2013-09-27 08:52:14',1,1),(578,83,12,4,'2013-09-27 08:52:14','2013-09-27 08:52:14',1,1),(579,83,7,5,'2013-09-27 08:52:14','2013-09-27 08:52:14',1,1),(580,83,12,5,'2013-09-27 08:52:14','2013-09-27 08:52:14',1,1),(581,84,7,1,'2013-09-27 08:52:15','2013-09-27 08:52:15',1,1),(582,84,12,1,'2013-09-27 08:52:15','2013-09-27 08:52:15',2,2),(583,84,7,2,'2013-09-27 08:52:15','2013-09-27 08:52:15',2,2),(584,84,12,2,'2013-09-27 08:52:15','2013-09-27 08:52:15',1,1),(585,84,7,3,'2013-09-27 08:52:15','2013-09-27 08:52:15',1,1),(586,84,12,3,'2013-09-27 08:52:15','2013-09-27 08:52:15',1,1),(587,84,7,4,'2013-09-27 08:52:15','2013-09-27 08:52:15',1,1),(588,84,12,4,'2013-09-27 08:52:15','2013-09-27 08:52:15',1,1),(589,84,7,5,'2013-09-27 08:52:15','2013-09-27 08:52:15',1,1),(590,84,12,5,'2013-09-27 08:52:15','2013-09-27 08:52:15',1,1),(591,85,7,1,'2013-09-27 08:52:15','2013-09-27 08:52:15',1,1),(592,85,12,1,'2013-09-27 08:52:15','2013-09-27 08:52:15',1,1),(593,85,7,2,'2013-09-27 08:52:15','2013-09-27 08:52:15',2,2),(594,85,12,2,'2013-09-27 08:52:15','2013-09-27 08:52:15',0,0),(595,85,7,3,'2013-09-27 08:52:15','2013-09-27 08:52:15',1,1),(596,85,12,3,'2013-09-27 08:52:15','2013-09-27 08:52:15',3,3),(597,85,7,4,'2013-09-27 08:52:15','2013-09-27 08:52:15',0,0),(598,85,12,4,'2013-09-27 08:52:15','2013-09-27 08:52:15',2,2),(599,85,7,5,'2013-09-27 08:52:15','2013-09-27 08:52:15',3,3),(600,85,12,5,'2013-09-27 08:52:15','2013-09-27 08:52:15',1,1),(601,86,8,1,'2013-09-27 09:14:46','2013-09-27 09:14:46',1,1),(602,86,10,1,'2013-09-27 09:14:46','2013-09-27 09:14:46',2,2),(603,86,8,2,'2013-09-27 09:14:46','2013-09-27 09:14:46',2,2),(604,86,10,2,'2013-09-27 09:14:46','2013-09-27 09:14:46',1,1),(605,86,8,3,'2013-09-27 09:14:46','2013-09-27 09:14:46',1,1),(606,86,10,3,'2013-09-27 09:14:46','2013-09-27 09:14:46',1,1),(607,86,8,4,'2013-09-27 09:14:46','2013-09-27 09:14:46',1,1),(608,86,10,4,'2013-09-27 09:14:46','2013-09-27 09:14:46',1,1),(609,86,8,5,'2013-09-27 09:14:46','2013-09-27 09:14:46',1,1),(610,86,10,5,'2013-09-27 09:14:46','2013-09-27 09:14:46',1,1),(611,87,8,1,'2013-09-27 09:14:46','2013-09-27 09:14:46',1,1),(612,87,10,1,'2013-09-27 09:14:46','2013-09-27 09:14:46',2,2),(613,87,8,2,'2013-09-27 09:14:46','2013-09-27 09:14:46',2,2),(614,87,10,2,'2013-09-27 09:14:46','2013-09-27 09:14:46',1,1),(615,87,8,3,'2013-09-27 09:14:46','2013-09-27 09:14:46',1,1),(616,87,10,3,'2013-09-27 09:14:46','2013-09-27 09:14:46',2,2),(617,87,8,4,'2013-09-27 09:14:46','2013-09-27 09:14:46',2,2),(618,87,10,4,'2013-09-27 09:14:46','2013-09-27 09:14:46',1,1),(619,87,8,5,'2013-09-27 09:14:46','2013-09-27 09:14:46',1,1),(620,87,10,5,'2013-09-27 09:14:46','2013-09-27 09:14:46',1,1),(621,88,8,1,'2013-09-27 09:14:46','2013-09-27 09:14:46',1,1),(622,88,10,1,'2013-09-27 09:14:46','2013-09-27 09:14:46',2,2),(623,88,8,2,'2013-09-27 09:14:46','2013-09-27 09:14:46',2,2),(624,88,10,2,'2013-09-27 09:14:46','2013-09-27 09:14:46',1,1),(625,88,8,3,'2013-09-27 09:14:46','2013-09-27 09:14:46',1,1),(626,88,10,3,'2013-09-27 09:14:46','2013-09-27 09:14:46',1,1),(627,88,8,4,'2013-09-27 09:14:46','2013-09-27 09:14:46',1,1),(628,88,10,4,'2013-09-27 09:14:46','2013-09-27 09:14:46',1,1),(629,88,8,5,'2013-09-27 09:14:46','2013-09-27 09:14:46',1,1),(630,88,10,5,'2013-09-27 09:14:46','2013-09-27 09:14:46',1,1),(631,89,8,1,'2013-09-27 09:14:46','2013-09-27 09:14:46',1,1),(632,89,10,1,'2013-09-27 09:14:46','2013-09-27 09:14:46',2,2),(633,89,8,2,'2013-09-27 09:14:46','2013-09-27 09:14:46',2,2),(634,89,10,2,'2013-09-27 09:14:46','2013-09-27 09:14:46',1,1),(635,89,8,3,'2013-09-27 09:14:46','2013-09-27 09:14:46',1,1),(636,89,10,3,'2013-09-27 09:14:46','2013-09-27 09:14:46',1,1),(637,89,8,4,'2013-09-27 09:14:46','2013-09-27 09:14:46',1,1),(638,89,10,4,'2013-09-27 09:14:46','2013-09-27 09:14:46',1,1),(639,89,8,5,'2013-09-27 09:14:46','2013-09-27 09:14:46',1,1),(640,89,10,5,'2013-09-27 09:14:46','2013-09-27 09:14:46',1,1),(641,90,8,1,'2013-09-27 09:14:46','2013-09-27 09:14:46',1,1),(642,90,10,1,'2013-09-27 09:14:46','2013-09-27 09:14:46',1,1),(643,90,8,2,'2013-09-27 09:14:46','2013-09-27 09:14:46',2,2),(644,90,10,2,'2013-09-27 09:14:46','2013-09-27 09:14:46',0,0),(645,90,8,3,'2013-09-27 09:14:46','2013-09-27 09:14:46',1,1),(646,90,10,3,'2013-09-27 09:14:46','2013-09-27 09:14:46',3,3),(647,90,8,4,'2013-09-27 09:14:46','2013-09-27 09:14:46',0,0),(648,90,10,4,'2013-09-27 09:14:46','2013-09-27 09:14:46',2,2),(649,90,8,5,'2013-09-27 09:14:46','2013-09-27 09:14:46',3,3),(650,90,10,5,'2013-09-27 09:14:46','2013-09-27 09:14:46',1,1),(651,91,9,1,'2013-09-27 09:15:13','2013-09-27 09:15:13',1,1),(652,91,11,1,'2013-09-27 09:15:13','2013-09-27 09:15:13',2,2),(653,91,9,2,'2013-09-27 09:15:13','2013-09-27 09:15:13',2,2),(654,91,11,2,'2013-09-27 09:15:13','2013-09-27 09:15:13',1,1),(655,91,9,3,'2013-09-27 09:15:13','2013-09-27 09:15:13',1,1),(656,91,11,3,'2013-09-27 09:15:13','2013-09-27 09:15:13',1,1),(657,91,9,4,'2013-09-27 09:15:13','2013-09-27 09:15:13',1,1),(658,91,11,4,'2013-09-27 09:15:13','2013-09-27 09:15:13',1,1),(659,91,9,5,'2013-09-27 09:15:13','2013-09-27 09:15:13',1,1),(660,91,11,5,'2013-09-27 09:15:13','2013-09-27 09:15:13',1,1),(661,92,9,1,'2013-09-27 09:15:13','2013-09-27 09:15:13',1,1),(662,92,11,1,'2013-09-27 09:15:13','2013-09-27 09:15:13',2,2),(663,92,9,2,'2013-09-27 09:15:13','2013-09-27 09:15:13',2,2),(664,92,11,2,'2013-09-27 09:15:13','2013-09-27 09:15:13',1,1),(665,92,9,3,'2013-09-27 09:15:13','2013-09-27 09:15:13',1,1),(666,92,11,3,'2013-09-27 09:15:13','2013-09-27 09:15:13',2,2),(667,92,9,4,'2013-09-27 09:15:13','2013-09-27 09:15:13',2,2),(668,92,11,4,'2013-09-27 09:15:13','2013-09-27 09:15:13',1,1),(669,92,9,5,'2013-09-27 09:15:13','2013-09-27 09:15:13',1,1),(670,92,11,5,'2013-09-27 09:15:13','2013-09-27 09:15:13',1,1),(671,93,9,1,'2013-09-27 09:15:14','2013-09-27 09:15:14',1,1),(672,93,11,1,'2013-09-27 09:15:14','2013-09-27 09:15:14',2,2),(673,93,9,2,'2013-09-27 09:15:14','2013-09-27 09:15:14',2,2),(674,93,11,2,'2013-09-27 09:15:14','2013-09-27 09:15:14',1,1),(675,93,9,3,'2013-09-27 09:15:14','2013-09-27 09:15:14',1,1),(676,93,11,3,'2013-09-27 09:15:14','2013-09-27 09:15:14',1,1),(677,93,9,4,'2013-09-27 09:15:14','2013-09-27 09:15:14',1,1),(678,93,11,4,'2013-09-27 09:15:14','2013-09-27 09:15:14',1,1),(679,93,9,5,'2013-09-27 09:15:14','2013-09-27 09:15:14',1,1),(680,93,11,5,'2013-09-27 09:15:14','2013-09-27 09:15:14',1,1),(681,94,9,1,'2013-09-27 09:15:14','2013-09-27 09:15:14',1,1),(682,94,11,1,'2013-09-27 09:15:14','2013-09-27 09:15:14',2,2),(683,94,9,2,'2013-09-27 09:15:14','2013-09-27 09:15:14',2,2),(684,94,11,2,'2013-09-27 09:15:14','2013-09-27 09:15:14',1,1),(685,94,9,3,'2013-09-27 09:15:14','2013-09-27 09:15:14',1,1),(686,94,11,3,'2013-09-27 09:15:14','2013-09-27 09:15:14',1,1),(687,94,9,4,'2013-09-27 09:15:14','2013-09-27 09:15:14',1,1),(688,94,11,4,'2013-09-27 09:15:14','2013-09-27 09:15:14',1,1),(689,94,9,5,'2013-09-27 09:15:14','2013-09-27 09:15:14',1,1),(690,94,11,5,'2013-09-27 09:15:14','2013-09-27 09:15:14',1,1),(691,95,9,1,'2013-09-27 09:15:14','2013-09-27 09:15:14',1,1),(692,95,11,1,'2013-09-27 09:15:14','2013-09-27 09:15:14',1,1),(693,95,9,2,'2013-09-27 09:15:14','2013-09-27 09:15:14',2,2),(694,95,11,2,'2013-09-27 09:15:14','2013-09-27 09:15:14',0,0),(695,95,9,3,'2013-09-27 09:15:14','2013-09-27 09:15:14',1,1),(696,95,11,3,'2013-09-27 09:15:14','2013-09-27 09:15:14',3,3),(697,95,9,4,'2013-09-27 09:15:14','2013-09-27 09:15:14',0,0),(698,95,11,4,'2013-09-27 09:15:14','2013-09-27 09:15:14',2,2),(699,95,9,5,'2013-09-27 09:15:14','2013-09-27 09:15:14',3,3),(700,95,11,5,'2013-09-27 09:15:14','2013-09-27 09:15:14',1,1);
/*!40000 ALTER TABLE `player_color_buckets` ENABLE KEYS */;
UNLOCK TABLES;

--
-- Table structure for table `player_communications`
--

DROP TABLE IF EXISTS `player_communications`;
/*!40101 SET @saved_cs_client     = @@character_set_client */;
/*!40101 SET character_set_client = utf8 */;
CREATE TABLE `player_communications` (
  `id` int(11) NOT NULL AUTO_INCREMENT,
  `game_round_id` int(11) DEFAULT NULL,
  `player_id` int(11) DEFAULT NULL,
  `created_at` datetime NOT NULL,
  `updated_at` datetime NOT NULL,
  `message` text,
  PRIMARY KEY (`id`)
) ENGINE=InnoDB AUTO_INCREMENT=4 DEFAULT CHARSET=utf8;
/*!40101 SET character_set_client = @saved_cs_client */;

--
-- Dumping data for table `player_communications`
--

LOCK TABLES `player_communications` WRITE;
/*!40000 ALTER TABLE `player_communications` DISABLE KEYS */;
INSERT INTO `player_communications` VALUES (1,5,1,'2013-09-27 02:13:33','2013-09-27 02:13:33',' :) #smile '),(2,5,1,'2013-09-27 15:16:55','2013-09-27 15:16:55','Hi. Can you transfer me one blue? '),(3,5,1,'2013-09-27 15:17:16','2013-09-27 15:17:16','I can transfer one red in return. ');
/*!40000 ALTER TABLE `player_communications` ENABLE KEYS */;
UNLOCK TABLES;

--
-- Table structure for table `players`
--

DROP TABLE IF EXISTS `players`;
/*!40101 SET @saved_cs_client     = @@character_set_client */;
/*!40101 SET character_set_client = utf8 */;
CREATE TABLE `players` (
  `id` int(11) NOT NULL AUTO_INCREMENT,
  `name` varchar(255) DEFAULT NULL,
  `email` varchar(255) DEFAULT NULL,
  `gender` varchar(255) DEFAULT NULL,
  `country` varchar(255) DEFAULT NULL,
  `created_at` datetime NOT NULL,
  `updated_at` datetime NOT NULL,
  `login_status` tinyint(1) DEFAULT NULL,
  `admin_status` tinyint(1) DEFAULT NULL,
  `player1_current_position` varchar(255) DEFAULT NULL,
  `integer` varchar(255) DEFAULT NULL,
  `player2_current_position` varchar(255) DEFAULT NULL,
  PRIMARY KEY (`id`)
) ENGINE=InnoDB AUTO_INCREMENT=37 DEFAULT CHARSET=utf8;
/*!40101 SET character_set_client = @saved_cs_client */;

--
-- Dumping data for table `players`
--

LOCK TABLES `players` WRITE;
/*!40000 ALTER TABLE `players` DISABLE KEYS */;
INSERT INTO `players` VALUES (1,'Nirav','najmeri@ncsu.edu','','','2013-08-06 19:09:53','2013-09-27 18:04:42',0,1,NULL,NULL,NULL),(2,'Anup','akkalia@ncsu.edu','','','2013-08-06 19:10:11','2013-09-26 17:42:40',0,NULL,NULL,NULL,NULL),(3,'Munindar','singh@ncsu.edu','','','2013-08-06 21:07:54','2013-08-08 20:26:13',NULL,NULL,NULL,NULL,NULL),(4,'Sibel','sibel@cs.rpi.edu','','','2013-08-29 17:31:41','2013-08-29 17:31:41',NULL,NULL,NULL,NULL,NULL),(5,'Jin-Hee','jin-hee.cho.civ@mail.mil','','','2013-08-29 17:32:35','2013-08-29 17:32:35',NULL,NULL,NULL,NULL,NULL),(6,'Kevin','kevin.s.chan.civ@mail.mil','','','2013-08-29 17:33:07','2013-08-29 17:33:07',NULL,NULL,NULL,NULL,NULL),(7,'P1','p1@example.com','','','2013-09-26 17:04:06','2013-09-27 09:22:06',1,NULL,NULL,NULL,NULL),(8,'P2','p2@example.com','','','2013-09-26 17:04:23','2013-09-26 17:42:54',0,NULL,NULL,NULL,NULL),(9,'P3','p3@example.com','','','2013-09-26 17:04:45','2013-09-26 17:04:45',NULL,NULL,NULL,NULL,NULL),(10,'P4','p4@example.com','','','2013-09-26 17:05:02','2013-09-27 09:22:18',1,NULL,NULL,NULL,NULL),(11,'P5','p5@example.com','','','2013-09-26 17:05:18','2013-09-26 17:05:18',NULL,NULL,NULL,NULL,NULL),(12,'P6','p6@example.com','','','2013-09-26 17:05:34','2013-09-26 17:05:34',NULL,NULL,NULL,NULL,NULL),(13,'P7','p7@example.com',NULL,NULL,'2013-09-26 17:05:34','2013-09-26 17:05:34',NULL,NULL,NULL,NULL,NULL),(14,'P8','p8@example.com',NULL,NULL,'2013-09-26 17:05:34','2013-09-26 17:05:34',NULL,NULL,NULL,NULL,NULL),(15,'P9','p9@example.com',NULL,NULL,'2013-09-26 17:05:34','2013-09-26 17:05:34',NULL,NULL,NULL,NULL,NULL),(16,'P10','p10@example.com',NULL,NULL,'2013-09-26 17:05:34','2013-09-26 17:05:34',NULL,NULL,NULL,NULL,NULL),(17,'P11','p11@example.com',NULL,NULL,'2013-09-26 17:05:34','2013-09-26 17:05:34',NULL,NULL,NULL,NULL,NULL),(18,'P12','p12@example.com',NULL,NULL,'2013-09-26 17:05:34','2013-09-26 17:05:34',NULL,NULL,NULL,NULL,NULL),(19,'P13','p13@example.com',NULL,NULL,'2013-09-26 17:05:34','2013-09-26 17:05:34',NULL,NULL,NULL,NULL,NULL),(20,'P14','p14@example.com',NULL,NULL,'2013-09-26 17:05:34','2013-09-26 17:05:34',NULL,NULL,NULL,NULL,NULL),(21,'P15','p15@example.com',NULL,NULL,'2013-09-26 17:05:34','2013-09-26 17:05:34',NULL,NULL,NULL,NULL,NULL),(22,'P16','p16@example.com',NULL,NULL,'2013-09-26 17:05:34','2013-09-26 17:05:34',NULL,NULL,NULL,NULL,NULL),(23,'P17','p17@example.com',NULL,NULL,'2013-09-26 17:05:34','2013-09-26 17:05:34',NULL,NULL,NULL,NULL,NULL),(24,'P18','p18@example.com',NULL,NULL,'2013-09-26 17:05:34','2013-09-26 17:05:34',NULL,NULL,NULL,NULL,NULL),(25,'P19','p19@example.com',NULL,NULL,'2013-09-26 17:05:34','2013-09-26 17:05:34',NULL,NULL,NULL,NULL,NULL),(26,'P20','p20@example.com',NULL,NULL,'2013-09-26 17:05:34','2013-09-26 17:05:34',NULL,NULL,NULL,NULL,NULL),(27,'P21','p21@example.com',NULL,NULL,'2013-09-26 17:05:34','2013-09-26 17:05:34',NULL,NULL,NULL,NULL,NULL),(28,'P22','p22@example.com',NULL,NULL,'2013-09-26 17:05:34','2013-09-26 17:05:34',NULL,NULL,NULL,NULL,NULL),(29,'P23','p23@example.com',NULL,NULL,'2013-09-26 17:05:34','2013-09-26 17:05:34',NULL,NULL,NULL,NULL,NULL),(30,'P24','p24@example.com',NULL,NULL,'2013-09-26 17:05:34','2013-09-26 17:05:34',NULL,NULL,NULL,NULL,NULL),(31,'P25','p25@example.com',NULL,NULL,'2013-09-26 17:05:34','2013-09-26 17:05:34',NULL,NULL,NULL,NULL,NULL),(32,'P26','p26@example.com',NULL,NULL,'2013-09-26 17:05:34','2013-09-26 17:05:34',NULL,NULL,NULL,NULL,NULL),(33,'P27','p27@example.com',NULL,NULL,'2013-09-26 17:05:34','2013-09-26 17:05:34',NULL,NULL,NULL,NULL,NULL),(34,'P28','p28@example.com',NULL,NULL,'2013-09-26 17:05:34','2013-09-26 17:05:34',NULL,NULL,NULL,NULL,NULL),(35,'P29','p29@example.com',NULL,NULL,'2013-09-26 17:05:34','2013-09-26 17:05:34',NULL,NULL,NULL,NULL,NULL),(36,'P30','p30@example.com',NULL,NULL,'2013-09-26 17:05:34','2013-09-26 17:05:34',NULL,NULL,NULL,NULL,NULL);
/*!40000 ALTER TABLE `players` ENABLE KEYS */;
UNLOCK TABLES;

--
-- Table structure for table `schema_migrations`
--

DROP TABLE IF EXISTS `schema_migrations`;
/*!40101 SET @saved_cs_client     = @@character_set_client */;
/*!40101 SET character_set_client = utf8 */;
CREATE TABLE `schema_migrations` (
  `version` varchar(255) NOT NULL,
  UNIQUE KEY `unique_schema_migrations` (`version`)
) ENGINE=InnoDB DEFAULT CHARSET=utf8;
/*!40101 SET character_set_client = @saved_cs_client */;

--
-- Dumping data for table `schema_migrations`
--

LOCK TABLES `schema_migrations` WRITE;
/*!40000 ALTER TABLE `schema_migrations` DISABLE KEYS */;
INSERT INTO `schema_migrations` VALUES ('20130806022408'),('20130806022538'),('20130806023933'),('20130806053028'),('20130806053640'),('20130806053720'),('20130806053751'),('20130806053927'),('20130806054119'),('20130806184608'),('20130806184648'),('20130806193616'),('20130806193834'),('20130806194019'),('20130806201623'),('20130806201854'),('20130806202051'),('20130807005449'),('20130807043056'),('20130809182216'),('20130812021710'),('20130812034242'),('20130812035542'),('20130812070412'),('20130813190919'),('20130821024133'),('20130822192300'),('20130826202831');
/*!40000 ALTER TABLE `schema_migrations` ENABLE KEYS */;
UNLOCK TABLES;

--
-- Table structure for table `transfer_resources`
--

DROP TABLE IF EXISTS `transfer_resources`;
/*!40101 SET @saved_cs_client     = @@character_set_client */;
/*!40101 SET character_set_client = utf8 */;
CREATE TABLE `transfer_resources` (
  `id` int(11) NOT NULL AUTO_INCREMENT,
  `game_round_id` int(11) DEFAULT NULL,
  `player_id` int(11) DEFAULT NULL,
  `opponent_id` int(11) DEFAULT NULL,
  `color_pallet_id` int(11) DEFAULT NULL,
  `quantity` int(11) DEFAULT NULL,
  `created_at` datetime NOT NULL,
  `updated_at` datetime NOT NULL,
  PRIMARY KEY (`id`)
) ENGINE=InnoDB DEFAULT CHARSET=utf8;
/*!40101 SET character_set_client = @saved_cs_client */;

--
-- Dumping data for table `transfer_resources`
--

LOCK TABLES `transfer_resources` WRITE;
/*!40000 ALTER TABLE `transfer_resources` DISABLE KEYS */;
/*!40000 ALTER TABLE `transfer_resources` ENABLE KEYS */;
UNLOCK TABLES;

--
-- Table structure for table `trusts`
--

DROP TABLE IF EXISTS `trusts`;
/*!40101 SET @saved_cs_client     = @@character_set_client */;
/*!40101 SET character_set_client = utf8 */;
CREATE TABLE `trusts` (
  `id` int(11) NOT NULL AUTO_INCREMENT,
  `name` varchar(255) DEFAULT NULL,
  `created_at` datetime NOT NULL,
  `updated_at` datetime NOT NULL,
  PRIMARY KEY (`id`)
) ENGINE=InnoDB AUTO_INCREMENT=4 DEFAULT CHARSET=utf8;
/*!40101 SET character_set_client = @saved_cs_client */;

--
-- Dumping data for table `trusts`
--

LOCK TABLES `trusts` WRITE;
/*!40000 ALTER TABLE `trusts` DISABLE KEYS */;
INSERT INTO `trusts` VALUES (1,'Positive','2013-08-08 19:41:21','2013-08-08 19:41:21'),(2,'Neutral','2013-08-08 19:41:35','2013-08-08 19:41:35'),(3,'Negative','2013-08-08 19:41:51','2013-08-08 19:41:51');
/*!40000 ALTER TABLE `trusts` ENABLE KEYS */;
UNLOCK TABLES;
/*!40103 SET TIME_ZONE=@OLD_TIME_ZONE */;

/*!40101 SET SQL_MODE=@OLD_SQL_MODE */;
/*!40014 SET FOREIGN_KEY_CHECKS=@OLD_FOREIGN_KEY_CHECKS */;
/*!40014 SET UNIQUE_CHECKS=@OLD_UNIQUE_CHECKS */;
/*!40101 SET CHARACTER_SET_CLIENT=@OLD_CHARACTER_SET_CLIENT */;
/*!40101 SET CHARACTER_SET_RESULTS=@OLD_CHARACTER_SET_RESULTS */;
/*!40101 SET COLLATION_CONNECTION=@OLD_COLLATION_CONNECTION */;
/*!40111 SET SQL_NOTES=@OLD_SQL_NOTES */;

-- Dump completed on 2013-09-27 14:05:14
